-- phpMyAdmin SQL Dump
-- version 5.2.1
-- https://www.phpmyadmin.net/
--
-- Máy chủ: 127.0.0.1
-- Thời gian đã tạo: Th8 13, 2025 lúc 09:48 AM
-- Phiên bản máy phục vụ: 10.4.32-MariaDB
-- Phiên bản PHP: 8.2.12

SET SQL_MODE = "NO_AUTO_VALUE_ON_ZERO";
START TRANSACTION;
SET time_zone = "+00:00";


/*!40101 SET @OLD_CHARACTER_SET_CLIENT=@@CHARACTER_SET_CLIENT */;
/*!40101 SET @OLD_CHARACTER_SET_RESULTS=@@CHARACTER_SET_RESULTS */;
/*!40101 SET @OLD_COLLATION_CONNECTION=@@COLLATION_CONNECTION */;
/*!40101 SET NAMES utf8mb4 */;

--
-- Cơ sở dữ liệu: `qlns`
--

-- --------------------------------------------------------

--
-- Cấu trúc bảng cho bảng `bao_cao_cong_viec`
--

CREATE TABLE `bao_cao_cong_viec` (
  `id` int(11) NOT NULL,
  `loai_bao_cao` varchar(100) DEFAULT NULL,
  `duong_dan` varchar(255) DEFAULT NULL,
  `nguoi_tao_id` int(11) DEFAULT NULL,
  `ngay_tao` timestamp NOT NULL DEFAULT current_timestamp()
) ENGINE=InnoDB DEFAULT CHARSET=utf8mb4 COLLATE=utf8mb4_unicode_ci;

--
-- Đang đổ dữ liệu cho bảng `bao_cao_cong_viec`
--

INSERT INTO `bao_cao_cong_viec` (`id`, `loai_bao_cao`, `duong_dan`, `nguoi_tao_id`, `ngay_tao`) VALUES
(1, 'TaskProgress', '/reports/task_progress_2025_07.pdf', 1, '2025-08-12 09:07:41'),
(2, 'EmployeeKPI', '/reports/employee_kpi_2025_07.pdf', 2, '2025-08-12 09:07:41'),
(3, 'DepartmentPerformance', '/reports/dept_performance_2025_q3.pdf', 3, '2025-08-12 09:07:41');

-- --------------------------------------------------------

--
-- Cấu trúc bảng cho bảng `cau_hinh_he_thong`
--

CREATE TABLE `cau_hinh_he_thong` (
  `id` int(11) NOT NULL,
  `ten_cau_hinh` varchar(100) DEFAULT NULL,
  `gia_tri` text DEFAULT NULL,
  `mo_ta` text DEFAULT NULL,
  `ngay_tao` timestamp NOT NULL DEFAULT current_timestamp()
) ENGINE=InnoDB DEFAULT CHARSET=utf8mb4 COLLATE=utf8mb4_unicode_ci;

--
-- Đang đổ dữ liệu cho bảng `cau_hinh_he_thong`
--

INSERT INTO `cau_hinh_he_thong` (`id`, `ten_cau_hinh`, `gia_tri`, `mo_ta`, `ngay_tao`) VALUES
(1, 'company_name', 'CÔNG TY TNHH ICSS', 'Tên công ty', '2025-08-12 09:07:41'),
(2, 'working_hours_start', '08:00', 'Giờ bắt đầu làm việc', '2025-08-12 09:07:41'),
(3, 'working_hours_end', '17:30', 'Giờ kết thúc làm việc', '2025-08-12 09:07:41'),
(4, 'annual_leave_days', '12', 'Số ngày phép năm', '2025-08-12 09:07:41');

-- --------------------------------------------------------

--
-- Cấu trúc bảng cho bảng `cham_cong`
--

CREATE TABLE `cham_cong` (
  `id` int(11) NOT NULL,
  `nhan_vien_id` int(11) DEFAULT NULL,
  `ngay` date DEFAULT NULL,
  `check_in` time DEFAULT NULL,
  `check_out` time DEFAULT NULL
) ENGINE=InnoDB DEFAULT CHARSET=utf8mb4 COLLATE=utf8mb4_unicode_ci;

--
-- Đang đổ dữ liệu cho bảng `cham_cong`
--

INSERT INTO `cham_cong` (`id`, `nhan_vien_id`, `ngay`, `check_in`, `check_out`) VALUES
(1, 2, '2025-07-07', '08:05:00', '17:35:00'),
(2, 3, '2025-07-07', '08:10:00', '17:40:00'),
(3, 4, '2025-07-07', '08:15:00', '18:00:00'),
(4, 5, '2025-07-07', '08:30:00', '17:30:00'),
(5, 6, '2025-07-07', '08:20:00', '17:45:00'),
(6, 7, '2025-07-07', '08:25:00', '17:20:00'),
(7, 8, '2025-07-07', '08:10:00', '17:50:00'),
(8, 9, '2025-07-07', '08:00:00', '17:30:00'),
(9, 2, '2025-07-08', '08:00:00', '17:30:00'),
(10, 3, '2025-07-08', '08:10:00', '17:40:00'),
(11, 4, '2025-07-08', '08:05:00', '18:05:00'),
(12, 5, '2025-07-08', '08:35:00', '17:25:00'),
(13, 6, '2025-07-08', '08:25:00', '17:40:00'),
(14, 7, '2025-07-08', '08:30:00', '17:25:00'),
(15, 8, '2025-07-08', '08:15:00', '17:45:00'),
(16, 9, '2025-07-08', '08:00:00', '17:30:00'),
(17, 2, '2025-07-09', '08:10:00', '17:30:00'),
(18, 3, '2025-07-09', '08:05:00', '17:35:00'),
(19, 4, '2025-07-09', '08:20:00', '18:10:00'),
(20, 5, '2025-07-09', '08:25:00', '17:20:00'),
(21, 6, '2025-07-09', '08:30:00', '17:50:00'),
(22, 7, '2025-07-09', '08:15:00', '17:30:00'),
(23, 8, '2025-07-09', '08:05:00', '17:40:00'),
(24, 9, '2025-07-09', '08:05:00', '17:35:00'),
(25, 2, '2025-07-10', '08:00:00', '17:30:00'),
(26, 3, '2025-07-10', '08:25:00', '17:50:00'),
(27, 4, '2025-07-10', '08:40:00', '18:20:00'),
(28, 5, '2025-07-10', '08:35:00', '17:25:00'),
(29, 6, '2025-07-10', '08:10:00', '17:30:00'),
(30, 7, '2025-07-10', '08:00:00', '17:10:00'),
(31, 8, '2025-07-10', '08:20:00', '17:45:00'),
(32, 9, '2025-07-10', '08:15:00', '17:45:00'),
(33, 2, '2025-07-11', '08:05:00', '17:35:00'),
(34, 3, '2025-07-11', '08:15:00', '17:35:00'),
(35, 4, '2025-07-11', '08:25:00', '18:00:00'),
(36, 5, '2025-07-11', '08:30:00', '17:30:00'),
(37, 6, '2025-07-11', '08:45:00', '17:50:00'),
(38, 7, '2025-07-11', '08:25:00', '17:30:00'),
(39, 8, '2025-07-11', '08:10:00', '17:40:00'),
(40, 9, '2025-07-11', '08:00:00', '17:30:00'),
(41, 2, '2025-07-14', '08:00:00', '17:30:00'),
(42, 3, '2025-07-14', '08:10:00', '17:40:00'),
(43, 4, '2025-07-14', '08:10:00', '18:00:00'),
(44, 5, '2025-07-14', '08:35:00', '17:25:00'),
(45, 6, '2025-07-14', '08:25:00', '17:40:00'),
(46, 7, '2025-07-14', '08:30:00', '17:25:00'),
(47, 8, '2025-07-14', '08:15:00', '17:45:00'),
(48, 9, '2025-07-14', '08:00:00', '17:30:00'),
(49, 2, '2025-07-15', '08:05:00', '17:35:00'),
(50, 3, '2025-07-15', '08:15:00', '17:45:00'),
(51, 4, '2025-07-15', '08:30:00', '18:15:00'),
(52, 5, '2025-07-15', '08:25:00', '17:20:00'),
(53, 6, '2025-07-15', '08:30:00', '17:50:00'),
(54, 7, '2025-07-15', '08:15:00', '17:30:00'),
(55, 8, '2025-07-15', '08:05:00', '17:40:00'),
(56, 9, '2025-07-15', '08:05:00', '17:35:00'),
(57, 2, '2025-07-16', '08:00:00', '17:30:00'),
(58, 3, '2025-07-16', '08:25:00', '17:50:00'),
(59, 4, '2025-07-16', '08:35:00', '18:10:00'),
(60, 5, '2025-07-16', '08:35:00', '17:25:00'),
(61, 6, '2025-07-16', '08:10:00', '17:30:00'),
(62, 7, '2025-07-16', '08:00:00', '17:10:00'),
(63, 8, '2025-07-16', '08:20:00', '17:45:00'),
(64, 9, '2025-07-16', '08:15:00', '17:45:00'),
(65, 2, '2025-07-17', '08:05:00', '17:35:00'),
(66, 3, '2025-07-17', '08:15:00', '17:35:00'),
(67, 4, '2025-07-17', '08:25:00', '18:00:00'),
(68, 5, '2025-07-17', '08:30:00', '17:30:00'),
(69, 6, '2025-07-17', '08:45:00', '17:50:00'),
(70, 7, '2025-07-17', '08:25:00', '17:30:00'),
(71, 8, '2025-07-17', '08:10:00', '17:40:00'),
(72, 9, '2025-07-17', '08:00:00', '17:30:00'),
(73, 2, '2025-07-18', '08:00:00', '17:30:00'),
(74, 3, '2025-07-18', '08:10:00', '17:40:00'),
(75, 4, '2025-07-18', '08:10:00', '18:00:00'),
(76, 5, '2025-07-18', '08:35:00', '17:25:00'),
(77, 6, '2025-07-18', '08:25:00', '17:40:00'),
(78, 7, '2025-07-18', '08:30:00', '17:25:00'),
(79, 8, '2025-07-18', '08:15:00', '17:45:00'),
(80, 9, '2025-07-18', '08:00:00', '17:30:00'),
(81, 4, '2025-07-21', '08:20:00', '18:00:00'),
(82, 6, '2025-07-21', '08:25:00', '17:40:00'),
(83, 4, '2025-07-22', '08:25:00', '18:05:00'),
(84, 6, '2025-07-22', '08:30:00', '17:45:00'),
(85, 4, '2025-07-23', '08:15:00', '18:10:00'),
(86, 6, '2025-07-23', '08:20:00', '17:50:00'),
(87, 4, '2025-07-24', '08:35:00', '18:15:00'),
(88, 6, '2025-07-24', '08:10:00', '17:35:00'),
(89, 4, '2025-07-25', '08:10:00', '18:00:00'),
(90, 6, '2025-07-25', '08:05:00', '17:30:00'),
(91, 4, '2025-07-28', '08:25:00', '18:05:00'),
(92, 6, '2025-07-28', '08:20:00', '17:45:00'),
(93, 4, '2025-07-29', '08:30:00', '18:00:00'),
(94, 6, '2025-07-29', '08:25:00', '17:40:00'),
(95, 4, '2025-07-30', '08:20:00', '18:10:00'),
(96, 6, '2025-07-30', '08:30:00', '17:50:00'),
(97, 4, '2025-07-31', '08:35:00', '18:20:00'),
(98, 6, '2025-07-31', '08:15:00', '17:45:00'),
(99, 4, '2025-08-01', '08:15:00', '18:05:00'),
(100, 6, '2025-08-01', '08:10:00', '17:40:00'),
(101, 4, '2025-08-04', '08:20:00', '18:00:00'),
(102, 6, '2025-08-04', '08:25:00', '17:40:00'),
(103, 4, '2025-08-05', '08:25:00', '18:05:00'),
(104, 6, '2025-08-05', '08:30:00', '17:45:00'),
(105, 4, '2025-08-06', '08:15:00', '18:10:00'),
(106, 6, '2025-08-06', '08:20:00', '17:50:00'),
(107, 4, '2025-08-07', '08:35:00', '18:15:00'),
(108, 6, '2025-08-07', '08:10:00', '17:35:00'),
(109, 4, '2025-08-08', '08:10:00', '18:00:00'),
(110, 6, '2025-08-08', '08:05:00', '17:30:00'),
(111, 12, '2025-07-07', '08:15:00', '17:35:00'),
(112, 12, '2025-07-08', '08:10:00', '17:40:00'),
(113, 12, '2025-07-09', '08:20:00', '17:45:00'),
(114, 12, '2025-07-10', '08:05:00', '17:30:00'),
(115, 12, '2025-07-11', '08:25:00', '17:40:00'),
(116, 12, '2025-07-14', '08:10:00', '17:35:00'),
(117, 12, '2025-07-15', '08:15:00', '17:45:00'),
(118, 12, '2025-07-16', '08:12:00', '17:42:00'),
(119, 12, '2025-07-17', '08:18:00', '17:48:00'),
(120, 12, '2025-07-18', '08:20:00', '17:50:00'),
(121, 12, '2025-08-01', '08:15:00', '17:35:00'),
(122, 12, '2025-08-04', '08:20:00', '17:45:00'),
(123, 12, '2025-08-05', '08:10:00', '17:40:00'),
(124, 12, '2025-08-06', '08:25:00', '17:50:00'),
(125, 12, '2025-08-07', '08:05:00', '17:30:00'),
(126, 12, '2025-08-08', '08:12:00', '17:42:00'),
(127, 12, '2025-08-11', '08:18:00', '17:48:00'),
(128, 12, '2025-08-12', '08:10:00', '17:40:00'),
(129, 2, '2025-07-01', '08:10:00', '17:40:00'),
(130, 3, '2025-07-01', '08:20:00', '17:45:00'),
(131, 4, '2025-07-01', '08:05:00', '18:00:00'),
(132, 5, '2025-07-01', '08:25:00', '17:30:00'),
(133, 6, '2025-07-01', '08:15:00', '17:50:00'),
(134, 7, '2025-07-01', '08:20:00', '17:20:00'),
(135, 8, '2025-07-01', '08:10:00', '17:40:00'),
(136, 9, '2025-07-01', '08:15:00', '17:35:00'),
(137, 10, '2025-07-01', '08:05:00', '17:35:00'),
(138, 11, '2025-07-01', '08:10:00', '17:40:00'),
(139, 2, '2025-07-02', '08:05:00', '17:35:00'),
(140, 3, '2025-07-02', '08:10:00', '17:40:00'),
(141, 4, '2025-07-02', '08:20:00', '18:05:00'),
(142, 5, '2025-07-02', '08:30:00', '17:25:00'),
(143, 6, '2025-07-02', '08:25:00', '17:40:00'),
(144, 7, '2025-07-02', '08:30:00', '17:25:00'),
(145, 8, '2025-07-02', '08:05:00', '17:45:00'),
(146, 9, '2025-07-02', '08:00:00', '17:30:00'),
(147, 10, '2025-07-02', '08:10:00', '17:40:00'),
(148, 11, '2025-07-02', '08:15:00', '17:45:00'),
(149, 2, '2025-07-03', '08:00:00', '17:30:00'),
(150, 3, '2025-07-03', '08:10:00', '17:40:00'),
(151, 4, '2025-07-03', '08:15:00', '18:10:00'),
(152, 5, '2025-07-03', '08:35:00', '17:25:00'),
(153, 6, '2025-07-03', '08:10:00', '17:30:00'),
(154, 7, '2025-07-03', '08:00:00', '17:10:00'),
(155, 8, '2025-07-03', '08:20:00', '17:45:00'),
(156, 9, '2025-07-03', '08:05:00', '17:35:00'),
(157, 10, '2025-07-03', '08:10:00', '17:40:00'),
(158, 11, '2025-07-03', '08:20:00', '17:50:00'),
(159, 2, '2025-07-04', '08:05:00', '17:35:00'),
(160, 3, '2025-07-04', '08:15:00', '17:35:00'),
(161, 4, '2025-07-04', '08:25:00', '18:00:00'),
(162, 5, '2025-07-04', '08:30:00', '17:30:00'),
(163, 6, '2025-07-04', '08:45:00', '17:50:00'),
(164, 7, '2025-07-04', '08:25:00', '17:30:00'),
(165, 8, '2025-07-04', '08:10:00', '17:40:00'),
(166, 9, '2025-07-04', '08:00:00', '17:30:00'),
(167, 10, '2025-07-04', '08:25:00', '17:45:00'),
(168, 11, '2025-07-04', '08:05:00', '17:35:00'),
(169, 2, '2025-07-21', '08:05:00', '17:35:00'),
(170, 3, '2025-07-21', '08:15:00', '17:45:00'),
(171, 5, '2025-07-21', '08:30:00', '17:20:00'),
(172, 7, '2025-07-21', '08:25:00', '17:25:00'),
(173, 8, '2025-07-21', '08:10:00', '17:40:00'),
(174, 9, '2025-07-21', '08:10:00', '17:30:00'),
(175, 10, '2025-07-21', '08:20:00', '17:40:00'),
(176, 11, '2025-07-21', '08:15:00', '17:45:00'),
(177, 2, '2025-07-22', '08:10:00', '17:40:00'),
(178, 3, '2025-07-22', '08:20:00', '17:40:00'),
(179, 5, '2025-07-22', '08:25:00', '17:25:00'),
(180, 7, '2025-07-22', '08:10:00', '17:20:00'),
(181, 8, '2025-07-22', '08:05:00', '17:45:00'),
(182, 9, '2025-07-22', '08:00:00', '17:30:00'),
(183, 10, '2025-07-22', '08:25:00', '17:40:00'),
(184, 11, '2025-07-22', '08:30:00', '17:25:00'),
(185, 2, '2025-07-23', '08:00:00', '17:30:00'),
(186, 3, '2025-07-23', '08:25:00', '17:50:00'),
(187, 5, '2025-07-23', '08:35:00', '17:25:00'),
(188, 7, '2025-07-23', '08:00:00', '17:10:00'),
(189, 8, '2025-07-23', '08:20:00', '17:45:00'),
(190, 9, '2025-07-23', '08:05:00', '17:35:00'),
(191, 10, '2025-07-23', '08:30:00', '17:50:00'),
(192, 11, '2025-07-23', '08:10:00', '17:40:00'),
(193, 2, '2025-07-24', '08:05:00', '17:35:00'),
(194, 3, '2025-07-24', '08:15:00', '17:35:00'),
(195, 5, '2025-07-24', '08:30:00', '17:30:00'),
(196, 7, '2025-07-24', '08:45:00', '17:50:00'),
(197, 8, '2025-07-24', '08:10:00', '17:40:00'),
(198, 9, '2025-07-24', '08:00:00', '17:30:00'),
(199, 10, '2025-07-24', '08:25:00', '17:45:00'),
(200, 11, '2025-07-24', '08:35:00', '17:25:00'),
(201, 2, '2025-07-25', '08:00:00', '17:30:00'),
(202, 3, '2025-07-25', '08:10:00', '17:40:00'),
(203, 5, '2025-07-25', '08:25:00', '17:20:00'),
(204, 7, '2025-07-25', '08:25:00', '17:25:00'),
(205, 8, '2025-07-25', '08:05:00', '17:45:00'),
(206, 9, '2025-07-25', '08:15:00', '17:35:00'),
(207, 10, '2025-07-25', '08:10:00', '17:40:00'),
(208, 11, '2025-07-25', '08:20:00', '17:50:00'),
(209, 2, '2025-07-28', '08:10:00', '17:40:00'),
(210, 3, '2025-07-28', '08:20:00', '17:45:00'),
(211, 5, '2025-07-28', '08:25:00', '17:25:00'),
(212, 7, '2025-07-28', '08:20:00', '17:20:00'),
(213, 8, '2025-07-28', '08:10:00', '17:40:00'),
(214, 9, '2025-07-28', '08:15:00', '17:35:00'),
(215, 10, '2025-07-28', '08:05:00', '17:35:00'),
(216, 11, '2025-07-28', '08:10:00', '17:40:00'),
(217, 2, '2025-07-29', '08:05:00', '17:35:00'),
(218, 3, '2025-07-29', '08:10:00', '17:40:00'),
(219, 5, '2025-07-29', '08:30:00', '17:30:00'),
(220, 7, '2025-07-29', '08:30:00', '17:25:00'),
(221, 8, '2025-07-29', '08:05:00', '17:45:00'),
(222, 9, '2025-07-29', '08:00:00', '17:30:00'),
(223, 10, '2025-07-29', '08:10:00', '17:40:00'),
(224, 11, '2025-07-29', '08:15:00', '17:45:00'),
(225, 2, '2025-07-30', '08:00:00', '17:30:00'),
(226, 3, '2025-07-30', '08:25:00', '17:50:00'),
(227, 5, '2025-07-30', '08:35:00', '17:25:00'),
(228, 7, '2025-07-30', '08:00:00', '17:10:00'),
(229, 8, '2025-07-30', '08:20:00', '17:45:00'),
(230, 9, '2025-07-30', '08:05:00', '17:35:00'),
(231, 10, '2025-07-30', '08:25:00', '17:45:00'),
(232, 11, '2025-07-30', '08:10:00', '17:40:00'),
(233, 2, '2025-07-31', '08:05:00', '17:35:00'),
(234, 3, '2025-07-31', '08:15:00', '17:35:00'),
(235, 5, '2025-07-31', '08:30:00', '17:30:00'),
(236, 7, '2025-07-31', '08:45:00', '17:50:00'),
(237, 8, '2025-07-31', '08:10:00', '17:40:00'),
(238, 9, '2025-07-31', '08:00:00', '17:30:00'),
(239, 10, '2025-07-31', '08:25:00', '17:45:00'),
(240, 11, '2025-07-31', '08:35:00', '17:25:00'),
(241, 2, '2025-08-01', '08:10:00', '17:40:00'),
(242, 3, '2025-08-01', '08:20:00', '17:45:00'),
(243, 5, '2025-08-01', '08:30:00', '17:30:00'),
(244, 7, '2025-08-01', '08:20:00', '17:20:00'),
(245, 8, '2025-08-01', '08:10:00', '17:40:00'),
(246, 9, '2025-08-01', '08:15:00', '17:35:00'),
(247, 10, '2025-08-01', '08:05:00', '17:35:00'),
(248, 11, '2025-08-01', '08:10:00', '17:40:00'),
(249, 2, '2025-08-04', '08:05:00', '17:35:00'),
(250, 3, '2025-08-04', '08:10:00', '17:40:00'),
(251, 5, '2025-08-04', '08:25:00', '17:25:00'),
(252, 7, '2025-08-04', '08:30:00', '17:25:00'),
(253, 8, '2025-08-04', '08:05:00', '17:45:00'),
(254, 9, '2025-08-04', '08:00:00', '17:30:00'),
(255, 10, '2025-08-04', '08:15:00', '17:45:00'),
(256, 11, '2025-08-04', '08:20:00', '17:40:00'),
(257, 2, '2025-08-05', '08:00:00', '17:30:00'),
(258, 3, '2025-08-05', '08:25:00', '17:50:00'),
(259, 5, '2025-08-05', '08:35:00', '17:25:00'),
(260, 7, '2025-08-05', '08:00:00', '17:10:00'),
(261, 8, '2025-08-05', '08:20:00', '17:45:00'),
(262, 9, '2025-08-05', '08:05:00', '17:35:00'),
(263, 10, '2025-08-05', '08:25:00', '17:45:00'),
(264, 11, '2025-08-05', '08:10:00', '17:40:00'),
(265, 2, '2025-08-06', '08:05:00', '17:35:00'),
(266, 3, '2025-08-06', '08:15:00', '17:35:00'),
(267, 5, '2025-08-06', '08:30:00', '17:30:00'),
(268, 7, '2025-08-06', '08:45:00', '17:50:00'),
(269, 8, '2025-08-06', '08:10:00', '17:40:00'),
(270, 9, '2025-08-06', '08:00:00', '17:30:00'),
(271, 10, '2025-08-06', '08:20:00', '17:50:00'),
(272, 11, '2025-08-06', '08:15:00', '17:45:00'),
(273, 2, '2025-08-07', '08:10:00', '17:40:00'),
(274, 3, '2025-08-07', '08:20:00', '17:45:00'),
(275, 5, '2025-08-07', '08:25:00', '17:25:00'),
(276, 7, '2025-08-07', '08:10:00', '17:20:00'),
(277, 8, '2025-08-07', '08:05:00', '17:45:00'),
(278, 9, '2025-08-07', '08:10:00', '17:30:00'),
(279, 10, '2025-08-07', '08:25:00', '17:40:00'),
(280, 11, '2025-08-07', '08:30:00', '17:25:00'),
(281, 2, '2025-08-08', '08:00:00', '17:30:00'),
(282, 3, '2025-08-08', '08:25:00', '17:50:00'),
(283, 5, '2025-08-08', '08:35:00', '17:25:00'),
(284, 7, '2025-08-08', '08:00:00', '17:10:00'),
(285, 8, '2025-08-08', '08:20:00', '17:45:00'),
(286, 9, '2025-08-08', '08:05:00', '17:35:00'),
(287, 10, '2025-08-08', '08:20:00', '17:50:00'),
(288, 11, '2025-08-08', '08:10:00', '17:40:00'),
(289, 2, '2025-08-11', '08:05:00', '17:35:00'),
(290, 3, '2025-08-11', '08:15:00', '17:45:00'),
(291, 4, '2025-08-11', '08:15:00', '18:00:00'),
(292, 5, '2025-08-11', '08:25:00', '17:20:00'),
(293, 6, '2025-08-11', '08:10:00', '17:50:00'),
(294, 7, '2025-08-11', '08:25:00', '17:25:00'),
(295, 8, '2025-08-11', '08:05:00', '17:45:00'),
(296, 9, '2025-08-11', '08:10:00', '17:30:00'),
(297, 10, '2025-08-11', '08:25:00', '17:45:00'),
(298, 11, '2025-08-11', '08:35:00', '17:25:00'),
(299, 2, '2025-08-12', '08:10:00', '17:40:00'),
(300, 3, '2025-08-12', '08:20:00', '17:45:00'),
(301, 4, '2025-08-12', '08:05:00', '18:05:00'),
(302, 5, '2025-08-12', '08:30:00', '17:30:00'),
(303, 6, '2025-08-12', '08:25:00', '17:40:00'),
(304, 7, '2025-08-12', '08:30:00', '17:25:00'),
(305, 8, '2025-08-12', '08:05:00', '17:45:00'),
(306, 9, '2025-08-12', '08:00:00', '17:30:00'),
(307, 10, '2025-08-12', '08:10:00', '17:40:00'),
(308, 11, '2025-08-12', '08:15:00', '17:45:00'),
(309, 10, '2025-07-07', '08:06:00', '17:36:00'),
(310, 11, '2025-07-07', '08:10:00', '17:40:00'),
(311, 10, '2025-07-08', '08:11:00', '17:41:00'),
(312, 11, '2025-07-08', '08:16:00', '17:46:00'),
(313, 10, '2025-07-09', '08:12:00', '17:42:00'),
(314, 11, '2025-07-09', '08:22:00', '17:52:00'),
(315, 10, '2025-07-10', '08:26:00', '17:46:00'),
(316, 11, '2025-07-10', '08:06:00', '17:36:00'),
(317, 10, '2025-07-11', '08:11:00', '17:41:00'),
(318, 11, '2025-07-11', '08:21:00', '17:51:00'),
(359, 10, '2025-07-14', '08:07:00', '17:37:00'),
(360, 11, '2025-07-14', '08:11:00', '17:41:00'),
(361, 10, '2025-07-15', '08:12:00', '17:42:00'),
(362, 11, '2025-07-15', '08:17:00', '17:47:00'),
(363, 10, '2025-07-16', '08:13:00', '17:43:00'),
(364, 11, '2025-07-16', '08:23:00', '17:53:00'),
(365, 10, '2025-07-17', '08:27:00', '17:47:00'),
(366, 11, '2025-07-17', '08:07:00', '17:37:00'),
(367, 10, '2025-07-18', '08:12:00', '17:42:00'),
(368, 11, '2025-07-18', '08:22:00', '17:52:00');

-- --------------------------------------------------------

--
-- Cấu trúc bảng cho bảng `cong_viec`
--

CREATE TABLE `cong_viec` (
  `id` int(11) NOT NULL,
  `ten_cong_viec` varchar(255) NOT NULL,
  `mo_ta` text DEFAULT NULL,
  `han_hoan_thanh` date DEFAULT NULL,
  `muc_do_uu_tien` enum('Thấp','Trung bình','Cao') DEFAULT 'Trung bình',
  `nguoi_giao_id` int(11) DEFAULT NULL,
  `nguoi_nhan_id` int(11) DEFAULT NULL,
  `phong_ban_id` int(11) DEFAULT NULL,
  `trang_thai` enum('Chưa bắt đầu','Đang thực hiện','Đã hoàn thành','Trễ hạn') DEFAULT 'Chưa bắt đầu',
  `ngay_tao` timestamp NOT NULL DEFAULT current_timestamp()
) ENGINE=InnoDB DEFAULT CHARSET=utf8mb4 COLLATE=utf8mb4_unicode_ci;

--
-- Đang đổ dữ liệu cho bảng `cong_viec`
--

INSERT INTO `cong_viec` (`id`, `ten_cong_viec`, `mo_ta`, `han_hoan_thanh`, `muc_do_uu_tien`, `nguoi_giao_id`, `nguoi_nhan_id`, `phong_ban_id`, `trang_thai`, `ngay_tao`) VALUES
(1, 'Thiết kế API dịch vụ người dùng', 'Thiết kế và tài liệu hóa API User v2', '2025-07-25', 'Cao', 1, 4, 2, 'Đã hoàn thành', '2025-08-12 09:07:41'),
(2, 'Tối ưu truy vấn MySQL', 'Tối ưu index cho bảng cong_viec và cham_cong', '2025-08-05', 'Cao', 1, 4, 2, 'Trễ hạn', '2025-08-12 09:07:41'),
(3, 'Viết unit test cho module auth', 'Bổ sung test bao phủ 80%', '2025-08-20', 'Trung bình', 2, 4, 2, 'Chưa bắt đầu', '2025-08-12 09:07:41'),
(4, 'Xây dựng dịch vụ chấm công', 'API checkin/checkout, tính giờ làm', '2025-07-30', 'Cao', 1, 6, 2, 'Đã hoàn thành', '2025-08-12 09:07:41'),
(5, 'Tích hợp JWT đa phiên', 'Cho phép refresh token an toàn', '2025-08-10', 'Cao', 1, 6, 2, 'Trễ hạn', '2025-08-12 09:07:41'),
(6, 'Refactor module lương', 'Tách service và repository', '2025-08-18', 'Trung bình', 2, 6, 2, 'Chưa bắt đầu', '2025-08-12 09:07:41'),
(7, 'Nâng cấp UI bảng Kanban', 'Kéo-thả, badge trạng thái, ưu tiên', '2025-07-28', 'Cao', 1, 8, 2, 'Đã hoàn thành', '2025-08-12 09:07:41'),
(8, 'Tối ưu bundle FE', 'Giảm kích thước JS, lazy load', '2025-08-08', 'Trung bình', 1, 8, 2, 'Trễ hạn', '2025-08-12 09:07:41'),
(9, 'Sửa lỗi hiển thị thông báo', 'Fix badge chưa đọc, dropdown', '2025-08-15', 'Thấp', 2, 8, 2, 'Chưa bắt đầu', '2025-08-12 09:07:41'),
(10, 'Tổng hợp bảng lương tháng 7/2025', 'Đối soát và chốt lương', '2025-08-03', 'Cao', 1, 5, 3, 'Đã hoàn thành', '2025-08-12 09:07:41'),
(11, 'Lập báo cáo thuế TNCN', 'Tháng 8/2025', '2025-08-20', 'Trung bình', 1, 5, 3, 'Đang thực hiện', '2025-08-12 09:07:41'),
(12, 'Rà soát chứng từ chi phí', 'Kiểm tra hóa đơn quý III', '2025-09-05', 'Trung bình', 3, 5, 3, 'Chưa bắt đầu', '2025-08-12 09:07:41'),
(13, 'Kế hoạch chiến dịch Back-to-School', 'Xác định KPI và ngân sách', '2025-08-01', 'Cao', 3, 7, 5, 'Đã hoàn thành', '2025-08-12 09:07:41'),
(14, 'Thiết kế banner social', 'Facebook, LinkedIn, Zalo', '2025-08-12', 'Trung bình', 3, 7, 5, 'Trễ hạn', '2025-08-12 09:07:41'),
(15, 'Viết blog series HR Tech', '3 bài viết dài', '2025-08-25', 'Thấp', 2, 7, 5, 'Chưa bắt đầu', '2025-08-12 09:07:41'),
(16, 'Tuyển dụng Backend Dev', '2 vị trí mid-level', '2025-07-31', 'Cao', 2, 9, 1, 'Đã hoàn thành', '2025-08-12 09:07:41'),
(17, 'Tổ chức onboarding 08/2025', 'Chuẩn bị tài liệu và lịch trình', '2025-08-09', 'Trung bình', 2, 9, 1, 'Trễ hạn', '2025-08-12 09:07:41'),
(18, 'Cập nhật quy trình đánh giá', 'Template đánh giá quý III', '2025-08-22', 'Thấp', 2, 9, 1, 'Chưa bắt đầu', '2025-08-12 09:07:41'),
(19, 'Xây dựng khung năng lực', 'Cho các vị trí kỹ thuật', '2025-08-18', 'Cao', 1, 2, 1, 'Đã hoàn thành', '2025-08-12 09:07:41'),
(20, 'Rà soát chính sách phúc lợi', 'Cập nhật phụ cấp, bảo hiểm', '2025-08-30', 'Trung bình', 1, 2, 1, 'Đã hoàn thành', '2025-08-12 09:07:41'),
(21, 'Đánh giá hiệu suất tháng 7', 'Phản hồi cho nhân sự', '2025-08-05', 'Thấp', 1, 2, 1, 'Đã hoàn thành', '2025-08-12 09:07:41'),
(22, 'Ký HĐ với khách hàng ABC', 'Gói triển khai 12 tháng', '2025-08-07', 'Cao', 1, 3, 4, 'Đã hoàn thành', '2025-08-12 09:07:41'),
(23, 'Xây pipeline quý III', 'Dự báo doanh số', '2025-08-20', 'Cao', 1, 3, 4, 'Đang thực hiện', '2025-08-12 09:07:41'),
(24, 'Huấn luyện đội sales', 'Kịch bản demo sản phẩm', '2025-08-25', 'Trung bình', 1, 3, 4, 'Đang thực hiện', '2025-08-12 09:07:41'),
(25, 'Cập nhật hồ sơ nhân sự số hóa', 'Chuẩn hóa hồ sơ HR lên hệ thống', '2025-08-18', 'Trung bình', 2, 9, 1, 'Đang thực hiện', '2025-08-12 09:07:41'),
(26, 'Kế hoạch đào tạo nội bộ Q3', 'Xây dựng lịch đào tạo tháng 9', '2025-08-28', 'Thấp', 2, 9, 1, 'Đang thực hiện', '2025-08-12 09:07:41'),
(27, 'Chuẩn hóa logging toàn hệ thống', 'Áp dụng cấu trúc log và traceId', '2025-08-22', 'Cao', 1, 6, 2, 'Đang thực hiện', '2025-08-12 09:07:41'),
(28, 'Tối ưu cache layer', 'Thiết lập cache cho API tần suất cao', '2025-08-30', 'Trung bình', 1, 4, 2, 'Đang thực hiện', '2025-08-12 09:07:41'),
(29, 'Đối soát công nợ Q2', 'Đối chiếu công nợ khách hàng đến 06/2025', '2025-08-21', 'Cao', 10, 5, 3, 'Đang thực hiện', '2025-08-12 09:07:41'),
(30, 'Chuẩn bị proposal khách hàng XYZ', 'Đề xuất gói dịch vụ 6 tháng', '2025-08-19', 'Cao', 3, 12, 4, 'Đang thực hiện', '2025-08-12 09:07:41'),
(31, 'Lên lịch nội dung Social August', 'Lịch đăng bài cho toàn bộ kênh', '2025-08-16', 'Trung bình', 11, 7, 5, 'Đang thực hiện', '2025-08-12 09:07:41'),
(32, 'Tối ưu chiến dịch Ads', 'Điều chỉnh bidding & target', '2025-08-26', 'Cao', 11, 7, 5, 'Chưa bắt đầu', '2025-08-12 09:07:41'),
(33, 'Test dữ liệu', 'Test ', '2025-08-23', 'Trung bình', 2, 9, 1, 'Chưa bắt đầu', '2025-08-13 05:48:52');

-- --------------------------------------------------------

--
-- Cấu trúc bảng cho bảng `cong_viec_danh_gia`
--

CREATE TABLE `cong_viec_danh_gia` (
  `id` int(11) NOT NULL,
  `cong_viec_id` int(11) DEFAULT NULL,
  `nguoi_danh_gia_id` int(11) DEFAULT NULL,
  `nhan_xet` text DEFAULT NULL,
  `thoi_gian` timestamp NOT NULL DEFAULT current_timestamp()
) ENGINE=InnoDB DEFAULT CHARSET=utf8mb4 COLLATE=utf8mb4_unicode_ci;

--
-- Đang đổ dữ liệu cho bảng `cong_viec_danh_gia`
--

INSERT INTO `cong_viec_danh_gia` (`id`, `cong_viec_id`, `nguoi_danh_gia_id`, `nhan_xet`, `thoi_gian`) VALUES
(1, 1, 2, 'API rõ ràng, hiệu năng tốt', '2025-08-12 09:07:41'),
(2, 4, 2, 'Dịch vụ ổn định, dễ bảo trì', '2025-08-12 09:07:41'),
(3, 7, 3, 'UX mượt, tương tác tốt', '2025-08-12 09:07:41'),
(4, 13, 3, 'Kế hoạch sáng tạo, bám KPI', '2025-08-12 09:07:41');

-- --------------------------------------------------------

--
-- Cấu trúc bảng cho bảng `cong_viec_lich_su`
--

CREATE TABLE `cong_viec_lich_su` (
  `id` int(11) NOT NULL,
  `cong_viec_id` int(11) DEFAULT NULL,
  `nguoi_thay_doi_id` int(11) DEFAULT NULL,
  `mo_ta_thay_doi` text DEFAULT NULL,
  `thoi_gian` timestamp NOT NULL DEFAULT current_timestamp()
) ENGINE=InnoDB DEFAULT CHARSET=utf8mb4 COLLATE=utf8mb4_unicode_ci;

--
-- Đang đổ dữ liệu cho bảng `cong_viec_lich_su`
--

INSERT INTO `cong_viec_lich_su` (`id`, `cong_viec_id`, `nguoi_thay_doi_id`, `mo_ta_thay_doi`, `thoi_gian`) VALUES
(1, 1, 1, 'Tạo công việc', '2025-08-12 09:07:41'),
(2, 1, 4, 'Cập nhật tiến độ 50%', '2025-08-12 09:07:41'),
(3, 1, 4, 'Hoàn thành công việc', '2025-08-12 09:07:41'),
(4, 5, 6, 'Bắt đầu thực hiện', '2025-08-12 09:07:41'),
(5, 7, 8, 'Triển khai nâng cấp UI', '2025-08-12 09:07:41'),
(6, 10, 5, 'Đã chốt bảng lương', '2025-08-12 09:07:41'),
(7, 13, 7, 'Hoàn thành kế hoạch', '2025-08-12 09:07:41'),
(8, 20, 3, 'Ký hợp đồng với khách hàng ABC', '2025-08-12 09:07:41');

-- --------------------------------------------------------

--
-- Cấu trúc bảng cho bảng `cong_viec_quy_trinh`
--

CREATE TABLE `cong_viec_quy_trinh` (
  `id` int(11) NOT NULL,
  `cong_viec_id` int(11) DEFAULT NULL,
  `ten_buoc` varchar(255) DEFAULT NULL,
  `mo_ta` text DEFAULT NULL,
  `trang_thai` enum('Chưa bắt đầu','Đang thực hiện','Đã hoàn thành') DEFAULT 'Chưa bắt đầu',
  `ngay_bat_dau` date DEFAULT NULL,
  `ngay_ket_thuc` date DEFAULT NULL,
  `ngay_tao` timestamp NOT NULL DEFAULT current_timestamp()
) ENGINE=InnoDB DEFAULT CHARSET=utf8mb4 COLLATE=utf8mb4_unicode_ci;

--
-- Đang đổ dữ liệu cho bảng `cong_viec_quy_trinh`
--

INSERT INTO `cong_viec_quy_trinh` (`id`, `cong_viec_id`, `ten_buoc`, `mo_ta`, `trang_thai`, `ngay_bat_dau`, `ngay_ket_thuc`, `ngay_tao`) VALUES
(1, 1, 'Thiết kế API', 'Soạn thảo spec', 'Đã hoàn thành', '2025-07-15', '2025-07-18', '2025-08-12 09:07:41'),
(2, 1, 'Review', 'Phản biện giải pháp', 'Đã hoàn thành', '2025-07-19', '2025-07-20', '2025-08-12 09:07:41'),
(3, 4, 'Triển khai', 'Coding & test', 'Đã hoàn thành', '2025-07-20', '2025-07-28', '2025-08-12 09:07:41'),
(4, 1, 'Kiểm thử tích hợp', 'Kiểm thử end-to-end', 'Đã hoàn thành', '2025-07-21', '2025-07-22', '2025-08-12 09:07:41'),
(5, 2, 'Phân tích', 'Đánh giá truy vấn chậm', 'Đang thực hiện', '2025-08-01', '2025-08-03', '2025-08-12 09:07:41'),
(6, 2, 'Thực hiện', 'Thêm index, tối ưu JOIN', 'Đang thực hiện', '2025-08-03', '2025-08-06', '2025-08-12 09:07:41'),
(7, 2, 'Kiểm thử', 'Benchmark lại', 'Chưa bắt đầu', '2025-08-06', '2025-08-08', '2025-08-12 09:07:41'),
(8, 3, 'Phân tích', 'Rà soát coverage', 'Chưa bắt đầu', '2025-08-10', '2025-08-12', '2025-08-12 09:07:41'),
(9, 3, 'Thực hiện', 'Viết test còn thiếu', 'Chưa bắt đầu', '2025-08-12', '2025-08-18', '2025-08-12 09:07:41'),
(10, 4, 'Nghiệm thu', 'Nghiệm thu với QA', 'Đã hoàn thành', '2025-07-28', '2025-07-29', '2025-08-12 09:07:41'),
(11, 5, 'Thiết kế', 'Thiết kế flow refresh', 'Đang thực hiện', '2025-08-01', '2025-08-04', '2025-08-12 09:07:41'),
(12, 5, 'Triển khai', 'Code & test', 'Đang thực hiện', '2025-08-04', '2025-08-09', '2025-08-12 09:07:41'),
(13, 6, 'Phân rã module', 'Tách service', 'Chưa bắt đầu', '2025-08-12', '2025-08-16', '2025-08-12 09:07:41'),
(14, 7, 'Nghiệm thu UI', 'UAT với PM', 'Đã hoàn thành', '2025-07-27', '2025-07-28', '2025-08-12 09:07:41'),
(15, 8, 'Đo đạc', 'Đo kích thước bundle', 'Đang thực hiện', '2025-08-02', '2025-08-05', '2025-08-12 09:07:41'),
(16, 8, 'Thực hiện', 'Cấu hình split', 'Đang thực hiện', '2025-08-05', '2025-08-08', '2025-08-12 09:07:41'),
(17, 9, 'Lập kế hoạch', 'Lên backlog fix', 'Chưa bắt đầu', '2025-08-12', '2025-08-14', '2025-08-12 09:07:41'),
(18, 10, 'Rà soát số liệu', 'Đối chiếu chênh lệch', 'Đã hoàn thành', '2025-08-02', '2025-08-03', '2025-08-12 09:07:41'),
(19, 11, 'Chuẩn bị tài liệu', 'Thu thập văn bản', 'Đang thực hiện', '2025-08-10', '2025-08-14', '2025-08-12 09:07:41'),
(20, 12, 'Rà soát chứng từ', 'Kiểm tra tính hợp lệ', 'Chưa bắt đầu', '2025-08-20', '2025-08-22', '2025-08-12 09:07:41'),
(21, 13, 'Họp kickoff', 'Thống nhất KPI', 'Đã hoàn thành', '2025-07-28', '2025-07-29', '2025-08-12 09:07:41'),
(22, 14, 'Thiết kế', 'Thiết kế banner', 'Đang thực hiện', '2025-08-08', '2025-08-12', '2025-08-12 09:07:41'),
(23, 15, 'Outline nội dung', 'Lên dàn ý 3 bài', 'Chưa bắt đầu', '2025-08-15', '2025-08-18', '2025-08-12 09:07:41'),
(24, 16, 'Phỏng vấn', 'Phỏng vấn ứng viên', 'Đã hoàn thành', '2025-07-28', '2025-07-31', '2025-08-12 09:07:41'),
(25, 17, 'Chuẩn bị tài liệu', 'Checklist onboarding', 'Đang thực hiện', '2025-08-06', '2025-08-08', '2025-08-12 09:07:41'),
(26, 18, 'Cập nhật template', 'Điều chỉnh form', 'Chưa bắt đầu', '2025-08-15', '2025-08-18', '2025-08-12 09:07:41'),
(27, 19, 'Thu thập dữ liệu', 'Tổng hợp minh chứng', 'Đã hoàn thành', '2025-08-02', '2025-08-03', '2025-08-12 09:07:41'),
(28, 20, 'Đàm phán', 'Thống nhất điều khoản', 'Đã hoàn thành', '2025-08-05', '2025-08-07', '2025-08-12 09:07:41'),
(29, 21, 'Chuẩn bị training', 'Agenda đào tạo', 'Đang thực hiện', '2025-08-10', '2025-08-15', '2025-08-12 09:07:41'),
(30, 22, 'Phân tích', 'Kiểm tra trạng thái hồ sơ', 'Đang thực hiện', '2025-08-10', '2025-08-12', '2025-08-12 09:07:41'),
(31, 22, 'Thực hiện', 'Chuẩn hóa & upload', 'Đang thực hiện', '2025-08-12', '2025-08-16', '2025-08-12 09:07:41'),
(32, 23, 'Lên kế hoạch', 'Thu thập nhu cầu', 'Chưa bắt đầu', '2025-08-20', '2025-08-22', '2025-08-12 09:07:41'),
(33, 24, 'Thiết kế', 'Đặc tả log chuẩn', 'Đang thực hiện', '2025-08-08', '2025-08-12', '2025-08-12 09:07:41'),
(34, 24, 'Triển khai', 'Bổ sung traceId', 'Đang thực hiện', '2025-08-12', '2025-08-18', '2025-08-12 09:07:41'),
(35, 25, 'Đánh giá', 'Lựa chọn module cần cache', 'Chưa bắt đầu', '2025-08-20', '2025-08-22', '2025-08-12 09:07:41'),
(36, 26, 'Thu thập số liệu', 'Lấy SOA & đối chiếu', 'Đang thực hiện', '2025-08-12', '2025-08-18', '2025-08-12 09:07:41'),
(37, 27, 'Nghiên cứu', 'Thu thập yêu cầu', 'Đang thực hiện', '2025-08-12', '2025-08-16', '2025-08-12 09:07:41'),
(38, 27, 'Soạn thảo', 'Soạn proposal', 'Đang thực hiện', '2025-08-16', '2025-08-18', '2025-08-12 09:07:41'),
(39, 28, 'Lên lịch', 'Sắp lịch đăng bài', 'Đang thực hiện', '2025-08-12', '2025-08-14', '2025-08-12 09:07:41'),
(40, 29, 'Phân tích', 'Rà soát chiến dịch', 'Chưa bắt đầu', '2025-08-20', '2025-08-22', '2025-08-12 09:07:41'),
(41, 30, 'Bước 1: Phân tích', 'Xác định yêu cầu & phạm vi', 'Chưa bắt đầu', '2025-07-10', '2025-07-12', '2025-08-12 09:07:41'),
(42, 31, 'Bước 1: Phân tích', 'Xác định yêu cầu & phạm vi', 'Chưa bắt đầu', '2025-07-10', '2025-07-12', '2025-08-12 09:07:41'),
(43, 32, 'Bước 1: Phân tích', 'Xác định yêu cầu & phạm vi', 'Chưa bắt đầu', '2025-07-10', '2025-07-12', '2025-08-12 09:07:41'),
(44, 10, 'Bước 2: Thực hiện', 'Phát triển/triển khai theo kế hoạch', 'Chưa bắt đầu', '2025-07-13', '2025-07-18', '2025-08-12 09:07:41'),
(45, 11, 'Bước 2: Thực hiện', 'Phát triển/triển khai theo kế hoạch', 'Chưa bắt đầu', '2025-07-13', '2025-07-18', '2025-08-12 09:07:41'),
(46, 19, 'Bước 2: Thực hiện', 'Phát triển/triển khai theo kế hoạch', 'Chưa bắt đầu', '2025-07-13', '2025-07-18', '2025-08-12 09:07:41'),
(47, 20, 'Bước 2: Thực hiện', 'Phát triển/triển khai theo kế hoạch', 'Chưa bắt đầu', '2025-07-13', '2025-07-18', '2025-08-12 09:07:41'),
(48, 21, 'Bước 2: Thực hiện', 'Phát triển/triển khai theo kế hoạch', 'Chưa bắt đầu', '2025-07-13', '2025-07-18', '2025-08-12 09:07:41'),
(49, 23, 'Bước 2: Thực hiện', 'Phát triển/triển khai theo kế hoạch', 'Chưa bắt đầu', '2025-07-13', '2025-07-18', '2025-08-12 09:07:41'),
(50, 28, 'Bước 2: Thực hiện', 'Phát triển/triển khai theo kế hoạch', 'Chưa bắt đầu', '2025-07-13', '2025-07-18', '2025-08-12 09:07:41'),
(51, 6, 'Bước 2: Thực hiện', 'Phát triển/triển khai theo kế hoạch', 'Chưa bắt đầu', '2025-07-13', '2025-07-18', '2025-08-12 09:07:41'),
(52, 9, 'Bước 2: Thực hiện', 'Phát triển/triển khai theo kế hoạch', 'Chưa bắt đầu', '2025-07-13', '2025-07-18', '2025-08-12 09:07:41'),
(53, 15, 'Bước 2: Thực hiện', 'Phát triển/triển khai theo kế hoạch', 'Chưa bắt đầu', '2025-07-13', '2025-07-18', '2025-08-12 09:07:41'),
(54, 16, 'Bước 2: Thực hiện', 'Phát triển/triển khai theo kế hoạch', 'Chưa bắt đầu', '2025-07-13', '2025-07-18', '2025-08-12 09:07:41'),
(55, 17, 'Bước 2: Thực hiện', 'Phát triển/triển khai theo kế hoạch', 'Chưa bắt đầu', '2025-07-13', '2025-07-18', '2025-08-12 09:07:41'),
(56, 18, 'Bước 2: Thực hiện', 'Phát triển/triển khai theo kế hoạch', 'Chưa bắt đầu', '2025-07-13', '2025-07-18', '2025-08-12 09:07:41'),
(57, 25, 'Bước 2: Thực hiện', 'Phát triển/triển khai theo kế hoạch', 'Chưa bắt đầu', '2025-07-13', '2025-07-18', '2025-08-12 09:07:41'),
(58, 26, 'Bước 2: Thực hiện', 'Phát triển/triển khai theo kế', 'Chưa bắt đầu', '2025-07-13', '2025-07-18', '2025-08-12 09:07:41'),
(59, 12, 'Bước 2: Thực hiện', 'Phát triển/triển khai theo kế hoạch', 'Chưa bắt đầu', '2025-07-13', '2025-07-18', '2025-08-12 09:07:41'),
(60, 13, 'Bước 2: Thực hiện', 'Phát triển/triển khai theo kế hoạch', 'Chưa bắt đầu', '2025-07-13', '2025-07-18', '2025-08-12 09:07:41'),
(61, 14, 'Bước 2: Thực hiện', 'Phát triển/triển khai theo kế hoạch', 'Chưa bắt đầu', '2025-07-13', '2025-07-18', '2025-08-12 09:07:41'),
(62, 30, 'Bước 2: Thực hiện', 'Phát triển/triển khai theo kế hoạch', 'Chưa bắt đầu', '2025-07-13', '2025-07-18', '2025-08-12 09:07:41'),
(63, 7, 'Bước 2: Thực hiện', 'Phát triển/triển khai theo kế hoạch', 'Chưa bắt đầu', '2025-07-13', '2025-07-18', '2025-08-12 09:07:41'),
(64, 29, 'Bước 2: Thực hiện', 'Phát triển/triển khai theo kế hoạch', 'Chưa bắt đầu', '2025-07-13', '2025-07-18', '2025-08-12 09:07:41'),
(65, 31, 'Bước 2: Thực hiện', 'Phát triển/triển khai theo kế hoạch', 'Chưa bắt đầu', '2025-07-13', '2025-07-18', '2025-08-12 09:07:41'),
(66, 32, 'Bước 2: Thực hiện', 'Phát triển/triển khai theo kế hoạch', 'Chưa bắt đầu', '2025-07-13', '2025-07-18', '2025-08-12 09:07:41'),
(75, 4, 'Bước 3: Kiểm thử/Nghiệm thu', 'Kiểm thử, UAT, nghiệm thu', 'Chưa bắt đầu', '2025-07-19', '2025-07-22', '2025-08-12 09:07:41'),
(76, 8, 'Bước 3: Kiểm thử/Nghiệm thu', 'Kiểm thử, UAT, nghiệm thu', 'Chưa bắt đầu', '2025-07-19', '2025-07-22', '2025-08-12 09:07:41'),
(77, 10, 'Bước 3: Kiểm thử/Nghiệm thu', 'Kiểm thử, UAT, nghiệm thu', 'Chưa bắt đầu', '2025-07-19', '2025-07-22', '2025-08-12 09:07:41'),
(78, 11, 'Bước 3: Kiểm thử/Nghiệm thu', 'Kiểm thử, UAT, nghiệm thu', 'Chưa bắt đầu', '2025-07-19', '2025-07-22', '2025-08-12 09:07:41'),
(79, 19, 'Bước 3: Kiểm thử/Nghiệm thu', 'Kiểm thử, UAT, nghiệm thu', 'Chưa bắt đầu', '2025-07-19', '2025-07-22', '2025-08-12 09:07:41'),
(80, 20, 'Bước 3: Kiểm thử/Nghiệm thu', 'Kiểm thử, UAT, nghiệm thu', 'Chưa bắt đầu', '2025-07-19', '2025-07-22', '2025-08-12 09:07:41'),
(81, 21, 'Bước 3: Kiểm thử/Nghiệm thu', 'Kiểm thử, UAT, nghiệm thu', 'Chưa bắt đầu', '2025-07-19', '2025-07-22', '2025-08-12 09:07:41'),
(82, 22, 'Bước 3: Kiểm thử/Nghiệm thu', 'Kiểm thử, UAT, nghiệm thu', 'Chưa bắt đầu', '2025-07-19', '2025-07-22', '2025-08-12 09:07:41'),
(83, 23, 'Bước 3: Kiểm thử/Nghiệm thu', 'Kiểm thử, UAT, nghiệm thu', 'Chưa bắt đầu', '2025-07-19', '2025-07-22', '2025-08-12 09:07:41'),
(84, 24, 'Bước 3: Kiểm thử/Nghiệm thu', 'Kiểm thử, UAT, nghiệm thu', 'Chưa bắt đầu', '2025-07-19', '2025-07-22', '2025-08-12 09:07:41'),
(85, 27, 'Bước 3: Kiểm thử/Nghiệm thu', 'Kiểm thử, UAT, nghiệm thu', 'Chưa bắt đầu', '2025-07-19', '2025-07-22', '2025-08-12 09:07:41'),
(86, 28, 'Bước 3: Kiểm thử/Nghiệm thu', 'Kiểm thử, UAT, nghiệm thu', 'Chưa bắt đầu', '2025-07-19', '2025-07-22', '2025-08-12 09:07:41'),
(87, 3, 'Bước 3: Kiểm thử/Nghiệm thu', 'Kiểm thử, UAT, nghiệm thu', 'Chưa bắt đầu', '2025-07-19', '2025-07-22', '2025-08-12 09:07:41'),
(88, 6, 'Bước 3: Kiểm thử/Nghiệm thu', 'Kiểm thử, UAT, nghiệm thu', 'Chưa bắt đầu', '2025-07-19', '2025-07-22', '2025-08-12 09:07:41'),
(89, 9, 'Bước 3: Kiểm thử/Nghiệm thu', 'Kiểm thử, UAT, nghiệm thu', 'Chưa bắt đầu', '2025-07-19', '2025-07-22', '2025-08-12 09:07:41'),
(90, 15, 'Bước 3: Kiểm thử/Nghiệm thu', 'Kiểm thử, UAT, nghiệm thu', 'Chưa bắt đầu', '2025-07-19', '2025-07-22', '2025-08-12 09:07:41'),
(91, 16, 'Bước 3: Kiểm thử/Nghiệm thu', 'Kiểm thử, UAT, nghiệm thu', 'Chưa bắt đầu', '2025-07-19', '2025-07-22', '2025-08-12 09:07:41'),
(92, 17, 'Bước 3: Kiểm thử/Nghiệm thu', 'Kiểm thử, UAT, nghiệm thu', 'Chưa bắt đầu', '2025-07-19', '2025-07-22', '2025-08-12 09:07:41'),
(93, 18, 'Bước 3: Kiểm thử/Nghiệm thu', 'Kiểm thử, UAT, nghiệm thu', 'Chưa bắt đầu', '2025-07-19', '2025-07-22', '2025-08-12 09:07:41'),
(94, 25, 'Bước 3: Kiểm thử/Nghiệm thu', 'Kiểm thử, UAT, nghiệm thu', 'Chưa bắt đầu', '2025-07-19', '2025-07-22', '2025-08-12 09:07:41'),
(95, 26, 'Bước 3: Kiểm thử/Nghiệm thu', 'Kiểm thử, UAT, nghiệm thu', 'Chưa bắt đầu', '2025-07-19', '2025-07-22', '2025-08-12 09:07:41'),
(96, 12, 'Bước 3: Kiểm thử/Nghiệm thu', 'Kiểm thử, UAT, nghiệm thu', 'Chưa bắt đầu', '2025-07-19', '2025-07-22', '2025-08-12 09:07:41'),
(97, 13, 'Bước 3: Kiểm thử/Nghiệm thu', 'Kiểm thử, UAT, nghiệm thu', 'Chưa bắt đầu', '2025-07-19', '2025-07-22', '2025-08-12 09:07:41'),
(98, 14, 'Bước 3: Kiểm thử/Nghiệm thu', 'Kiểm thử, UAT, nghiệm thu', 'Chưa bắt đầu', '2025-07-19', '2025-07-22', '2025-08-12 09:07:41'),
(99, 30, 'Bước 3: Kiểm thử/Nghiệm thu', 'Kiểm thử, UAT, nghiệm thu', 'Chưa bắt đầu', '2025-07-19', '2025-07-22', '2025-08-12 09:07:41'),
(100, 5, 'Bước 3: Kiểm thử/Nghiệm thu', 'Kiểm thử, UAT, nghiệm thu', 'Chưa bắt đầu', '2025-07-19', '2025-07-22', '2025-08-12 09:07:41'),
(101, 7, 'Bước 3: Kiểm thử/Nghiệm thu', 'Kiểm thử, UAT, nghiệm thu', 'Chưa bắt đầu', '2025-07-19', '2025-07-22', '2025-08-12 09:07:41'),
(102, 29, 'Bước 3: Kiểm thử/Nghiệm thu', 'Kiểm thử, UAT, nghiệm thu', 'Chưa bắt đầu', '2025-07-19', '2025-07-22', '2025-08-12 09:07:41'),
(103, 31, 'Bước 3: Kiểm thử/Nghiệm thu', 'Kiểm thử, UAT, nghiệm thu', 'Chưa bắt đầu', '2025-07-19', '2025-07-22', '2025-08-12 09:07:41'),
(104, 32, 'Bước 3: Kiểm thử/Nghiệm thu', 'Kiểm thử, UAT, nghiệm thu', 'Chưa bắt đầu', '2025-07-19', '2025-07-22', '2025-08-12 09:07:41');

-- --------------------------------------------------------

--
-- Cấu trúc bảng cho bảng `cong_viec_tien_do`
--

CREATE TABLE `cong_viec_tien_do` (
  `id` int(11) NOT NULL,
  `cong_viec_id` int(11) DEFAULT NULL,
  `nguoi_cap_nhat_id` int(11) DEFAULT NULL,
  `phan_tram` int(11) DEFAULT NULL CHECK (`phan_tram` between 0 and 100),
  `ghi_chu` text DEFAULT NULL,
  `file_dinh_kem` varchar(255) DEFAULT NULL,
  `thoi_gian_cap_nhat` timestamp NOT NULL DEFAULT current_timestamp()
) ENGINE=InnoDB DEFAULT CHARSET=utf8mb4 COLLATE=utf8mb4_unicode_ci;

--
-- Đang đổ dữ liệu cho bảng `cong_viec_tien_do`
--

INSERT INTO `cong_viec_tien_do` (`id`, `cong_viec_id`, `nguoi_cap_nhat_id`, `phan_tram`, `ghi_chu`, `file_dinh_kem`, `thoi_gian_cap_nhat`) VALUES
(1, 1, 4, 100, 'Hoàn tất API và tài liệu', NULL, '2025-08-12 09:07:41'),
(2, 2, 4, 60, 'Tối ưu chỉ mục, còn 2 query chậm', NULL, '2025-08-12 09:07:41'),
(3, 4, 6, 100, 'Hoàn thành dịch vụ chấm công', NULL, '2025-08-12 09:07:41'),
(4, 5, 6, 40, 'Luồng refresh token đang test', NULL, '2025-08-12 09:07:41'),
(5, 7, 8, 100, 'Đã nâng cấp drag-drop và badge', NULL, '2025-08-12 09:07:41'),
(6, 8, 8, 50, 'Đang cấu hình code splitting', NULL, '2025-08-12 09:07:41'),
(7, 10, 5, 100, 'Đã chốt lương tháng 7/2025', NULL, '2025-08-12 09:07:41'),
(8, 13, 7, 100, 'Chiến dịch đã duyệt', NULL, '2025-08-12 09:07:41'),
(9, 16, 9, 33, 'Đã tuyển đủ 2 ứng viên', NULL, '2025-08-13 06:24:45'),
(10, 19, 2, 100, 'Đã gửi phản hồi hiệu suất', NULL, '2025-08-12 09:07:41'),
(11, 20, 3, 100, 'Hợp đồng đã ký 07/08/2025', NULL, '2025-08-12 09:07:41'),
(12, 21, 3, 0, 'Đang tổng hợp dữ liệu', NULL, '2025-08-12 09:09:26'),
(13, 22, 9, 40, 'Đang số hóa 30% hồ sơ', NULL, '2025-08-12 09:07:41'),
(14, 24, 6, 30, 'Đã thống nhất format log', NULL, '2025-08-12 09:07:41'),
(15, 26, 10, 0, 'Đối chiếu công nợ tháng 4/2025 xong', NULL, '2025-08-13 07:36:33'),
(16, 28, 11, 60, 'Đã chốt lịch nội dung tuần 2', NULL, '2025-08-12 09:07:41'),
(17, 18, NULL, 0, NULL, NULL, '2025-08-13 06:24:41'),
(18, 33, NULL, 0, NULL, NULL, '2025-08-13 06:24:43'),
(19, 17, NULL, 0, NULL, NULL, '2025-08-13 06:24:46');

-- --------------------------------------------------------

--
-- Cấu trúc bảng cho bảng `file_dinh_kem`
--

CREATE TABLE `file_dinh_kem` (
  `id` int(11) NOT NULL,
  `cong_viec_id` int(11) DEFAULT NULL,
  `tien_do_id` int(11) DEFAULT NULL,
  `duong_dan_file` varchar(255) DEFAULT NULL,
  `mo_ta` text DEFAULT NULL,
  `thoi_gian_upload` timestamp NOT NULL DEFAULT current_timestamp()
) ENGINE=InnoDB DEFAULT CHARSET=utf8mb4 COLLATE=utf8mb4_unicode_ci;

--
-- Đang đổ dữ liệu cho bảng `file_dinh_kem`
--

INSERT INTO `file_dinh_kem` (`id`, `cong_viec_id`, `tien_do_id`, `duong_dan_file`, `mo_ta`, `thoi_gian_upload`) VALUES
(1, 1, NULL, '/uploads/api_user_v2.yaml', 'Tài liệu Swagger', '2025-08-12 09:07:41'),
(2, 7, NULL, '/uploads/kanban_ui_mockup.png', 'Mockup UI Kanban', '2025-08-12 09:07:41'),
(3, 10, NULL, '/uploads/bang_luong_2025_07.xlsx', 'Bảng lương tháng 7/2025', '2025-08-12 09:07:41');

-- --------------------------------------------------------

--
-- Cấu trúc bảng cho bảng `luong`
--

CREATE TABLE `luong` (
  `id` int(11) NOT NULL,
  `nhan_vien_id` int(11) DEFAULT NULL,
  `thang` int(11) DEFAULT NULL,
  `nam` int(11) DEFAULT NULL,
  `luong_co_ban` decimal(12,2) DEFAULT NULL,
  `phu_cap` decimal(12,2) DEFAULT 0.00,
  `thuong` decimal(12,2) DEFAULT 0.00,
  `phat` decimal(12,2) DEFAULT 0.00,
  `bao_hiem` decimal(12,2) DEFAULT 0.00,
  `thue` decimal(12,2) DEFAULT 0.00,
  `luong_thuc_te` decimal(12,2) DEFAULT NULL,
  `ghi_chu` text DEFAULT NULL,
  `trang_thai` enum('Chưa trả','Đã trả') DEFAULT 'Chưa trả',
  `ngay_tra_luong` date DEFAULT NULL,
  `ngay_tao` timestamp NOT NULL DEFAULT current_timestamp()
) ENGINE=InnoDB DEFAULT CHARSET=utf8mb4 COLLATE=utf8mb4_unicode_ci;

--
-- Đang đổ dữ liệu cho bảng `luong`
--

INSERT INTO `luong` (`id`, `nhan_vien_id`, `thang`, `nam`, `luong_co_ban`, `phu_cap`, `thuong`, `phat`, `bao_hiem`, `thue`, `luong_thuc_te`, `ghi_chu`, `trang_thai`, `ngay_tra_luong`, `ngay_tao`) VALUES
(1, 2, 7, 2025, 14000000.00, 1500000.00, 600000.00, 0.00, 1400000.00, 650000.00, 14100000.00, 'Lương 07/2025', 'Đã trả', '2025-08-05', '2025-08-12 09:07:41'),
(2, 3, 7, 2025, 15000000.00, 1800000.00, 800000.00, 0.00, 1500000.00, 720000.00, 15480000.00, 'Lương 07/2025', 'Đã trả', '2025-08-05', '2025-08-12 09:07:41'),
(3, 4, 7, 2025, 12000000.00, 1200000.00, 500000.00, 0.00, 1200000.00, 540000.00, 12260000.00, 'Lương 07/2025', 'Đã trả', '2025-08-05', '2025-08-12 09:07:41'),
(4, 5, 7, 2025, 9000000.00, 900000.00, 300000.00, 0.00, 900000.00, 360000.00, 9510000.00, 'Lương 07/2025', 'Đã trả', '2025-08-05', '2025-08-12 09:07:41'),
(5, 6, 7, 2025, 11000000.00, 1100000.00, 400000.00, 0.00, 1100000.00, 500000.00, 11400000.00, 'Lương 07/2025', 'Đã trả', '2025-08-05', '2025-08-12 09:07:41'),
(6, 7, 7, 2025, 9500000.00, 900000.00, 300000.00, 0.00, 900000.00, 350000.00, 9800000.00, 'Lương 07/2025', 'Đã trả', '2025-08-05', '2025-08-12 09:07:41'),
(7, 8, 7, 2025, 10500000.00, 1000000.00, 350000.00, 0.00, 1050000.00, 470000.00, 10880000.00, 'Lương 07/2025', 'Đã trả', '2025-08-05', '2025-08-12 09:07:41'),
(8, 9, 7, 2025, 8500000.00, 800000.00, 200000.00, 0.00, 850000.00, 320000.00, 8820000.00, 'Lương 07/2025', 'Đã trả', '2025-08-05', '2025-08-12 09:07:41'),
(9, 2, 8, 2025, 14000000.00, 1500000.00, 700000.00, 0.00, 1400000.00, 680000.00, 14220000.00, 'Lương 08/2025', 'Chưa trả', NULL, '2025-08-12 09:07:41'),
(10, 3, 8, 2025, 15000000.00, 1800000.00, 900000.00, 0.00, 1500000.00, 730000.00, 15770000.00, 'Lương 08/2025', 'Chưa trả', NULL, '2025-08-12 09:07:41'),
(11, 4, 8, 2025, 12000000.00, 1200000.00, 600000.00, 0.00, 1200000.00, 560000.00, 12340000.00, 'Lương 08/2025', 'Chưa trả', NULL, '2025-08-12 09:07:41'),
(12, 5, 8, 2025, 9000000.00, 900000.00, 350000.00, 0.00, 900000.00, 370000.00, 9570000.00, 'Lương 08/2025', 'Chưa trả', NULL, '2025-08-12 09:07:41'),
(13, 6, 8, 2025, 11000000.00, 1100000.00, 450000.00, 0.00, 1100000.00, 510000.00, 11490000.00, 'Lương 08/2025', 'Chưa trả', NULL, '2025-08-12 09:07:41'),
(14, 7, 8, 2025, 9500000.00, 900000.00, 350000.00, 0.00, 900000.00, 360000.00, 9840000.00, 'Lương 08/2025', 'Chưa trả', NULL, '2025-08-12 09:07:41'),
(15, 8, 8, 2025, 10500000.00, 1000000.00, 400000.00, 0.00, 1050000.00, 480000.00, 10920000.00, 'Lương 08/2025', 'Chưa trả', NULL, '2025-08-12 09:07:41'),
(16, 9, 8, 2025, 8500000.00, 800000.00, 250000.00, 0.00, 850000.00, 330000.00, 8850000.00, 'Lương 08/2025', 'Chưa trả', NULL, '2025-08-12 09:07:41'),
(17, 10, 7, 2025, 13000000.00, 1200000.00, 500000.00, 0.00, 1300000.00, 600000.00, 13300000.00, 'Lương 07/2025', 'Đã trả', '2025-08-05', '2025-08-12 09:07:41'),
(18, 11, 7, 2025, 13500000.00, 1300000.00, 600000.00, 0.00, 1350000.00, 650000.00, 13750000.00, 'Lương 07/2025', 'Đã trả', '2025-08-05', '2025-08-12 09:07:41'),
(19, 10, 8, 2025, 13000000.00, 1200000.00, 550000.00, 0.00, 1300000.00, 610000.00, 13390000.00, 'Lương 08/2025', 'Chưa trả', NULL, '2025-08-12 09:07:41'),
(20, 11, 8, 2025, 13500000.00, 1300000.00, 650000.00, 0.00, 1350000.00, 660000.00, 13840000.00, 'Lương 08/2025', 'Chưa trả', NULL, '2025-08-12 09:07:41'),
(21, 12, 7, 2025, 10000000.00, 1000000.00, 500000.00, 0.00, 1050000.00, 500000.00, 9950000.00, 'Lương 07/2025', 'Đã trả', '2025-08-05', '2025-08-12 09:07:41'),
(22, 12, 8, 2025, 10000000.00, 1000000.00, 600000.00, 0.00, 1050000.00, 500000.00, 10050000.00, 'Lương 08/2025', 'Chưa trả', NULL, '2025-08-12 09:07:41');

-- --------------------------------------------------------

--
-- Cấu trúc bảng cho bảng `luong_cau_hinh`
--

CREATE TABLE `luong_cau_hinh` (
  `id` int(11) NOT NULL,
  `ten_cau_hinh` varchar(100) DEFAULT NULL,
  `gia_tri` varchar(100) DEFAULT NULL,
  `mo_ta` text DEFAULT NULL,
  `ngay_tao` timestamp NOT NULL DEFAULT current_timestamp()
) ENGINE=InnoDB DEFAULT CHARSET=utf8mb4 COLLATE=utf8mb4_unicode_ci;

--
-- Đang đổ dữ liệu cho bảng `luong_cau_hinh`
--

INSERT INTO `luong_cau_hinh` (`id`, `ten_cau_hinh`, `gia_tri`, `mo_ta`, `ngay_tao`) VALUES
(1, 'luong_co_ban_toi_thieu', '5000000', 'Lương cơ bản tối thiểu (VND)', '2025-08-12 09:07:41'),
(2, 'he_so_bao_hiem', '10.5', 'Tỷ lệ % đóng BHXH', '2025-08-12 09:07:41'),
(3, 'he_so_thue', '5', 'Tỷ lệ % thuế TNCN cơ bản', '2025-08-12 09:07:41'),
(4, 'phu_cap_an_trua', '30000', 'Phụ cấp ăn trưa mỗi ngày (VND)', '2025-08-12 09:07:41');

-- --------------------------------------------------------

--
-- Cấu trúc bảng cho bảng `luu_kpi`
--

CREATE TABLE `luu_kpi` (
  `id` int(11) NOT NULL,
  `nhan_vien_id` int(11) DEFAULT NULL,
  `thang` int(11) DEFAULT NULL,
  `nam` int(11) DEFAULT NULL,
  `chi_tieu` text DEFAULT NULL,
  `ket_qua` text DEFAULT NULL,
  `diem_kpi` float DEFAULT NULL,
  `ghi_chu` text DEFAULT NULL,
  `ngay_tao` timestamp NOT NULL DEFAULT current_timestamp()
) ENGINE=InnoDB DEFAULT CHARSET=utf8mb4 COLLATE=utf8mb4_unicode_ci;

--
-- Đang đổ dữ liệu cho bảng `luu_kpi`
--

INSERT INTO `luu_kpi` (`id`, `nhan_vien_id`, `thang`, `nam`, `chi_tieu`, `ket_qua`, `diem_kpi`, `ghi_chu`, `ngay_tao`) VALUES
(1, 2, 7, 2025, 'Hoàn tất đánh giá hiệu suất tháng', 'Đã hoàn thành đúng hạn', 9.2, 'Quản lý tốt tiến độ', '2025-08-12 09:07:41'),
(2, 3, 7, 2025, 'Ký 1 hợp đồng mới', 'Đã ký HĐ ABC', 9, 'Doanh số đạt mục tiêu', '2025-08-12 09:07:41'),
(3, 4, 7, 2025, 'Bổ sung 50 unit test', 'Thêm 60 test', 9.5, 'Vượt chỉ tiêu', '2025-08-12 09:07:41'),
(4, 5, 7, 2025, 'Đối soát bảng lương 07/2025', 'Hoàn tất chính xác', 9, 'Không sai sót', '2025-08-12 09:07:41'),
(5, 6, 7, 2025, 'Hoàn thành dịch vụ chấm công', 'Đã bàn giao', 9.3, 'Chất lượng tốt', '2025-08-12 09:07:41'),
(6, 7, 7, 2025, 'Hoàn thiện kế hoạch Back-to-School', 'Đã duyệt', 8.8, 'Sáng tạo', '2025-08-12 09:07:41'),
(7, 8, 7, 2025, 'Nâng cấp UI Kanban', 'Đã release', 9.1, 'Trải nghiệm tốt', '2025-08-12 09:07:41'),
(8, 9, 7, 2025, 'Tuyển 2 backend dev', 'Đủ số lượng', 9, 'Đúng thời hạn', '2025-08-12 09:07:41'),
(9, 2, 8, 2025, 'Cập nhật chính sách phúc lợi', 'Đang thực hiện', 7.5, 'Đúng tiến độ', '2025-08-12 09:07:41'),
(10, 3, 8, 2025, 'Xây dựng pipeline Q3', 'Đang tổng hợp', 7.8, 'Cần thêm dữ liệu', '2025-08-12 09:07:41'),
(11, 4, 8, 2025, 'Tối ưu truy vấn', 'Đang làm', 8.2, 'Cải thiện 30%', '2025-08-12 09:07:41'),
(12, 5, 8, 2025, 'Báo cáo thuế TNCN', 'Đang làm', 7.9, 'Đúng quy định', '2025-08-12 09:07:41'),
(13, 6, 8, 2025, 'Tích hợp JWT đa phiên', 'Đang test', 8, 'Ổn định', '2025-08-12 09:07:41'),
(14, 7, 8, 2025, 'Thiết kế banner social', 'Đang triển khai', 7.8, 'Đúng guideline', '2025-08-12 09:07:41'),
(15, 8, 8, 2025, 'Tối ưu bundle FE', 'Đang làm', 7.7, 'Giảm 25% kích thước', '2025-08-12 09:07:41'),
(16, 9, 8, 2025, 'Onboarding 08/2025', 'Đang chuẩn bị', 8.1, 'Đủ tài liệu', '2025-08-12 09:07:41'),
(17, 10, 7, 2025, 'Đối soát số liệu quý II', 'Đã hoàn thành 95%', 9, 'Đúng hạn', '2025-08-12 09:07:42'),
(18, 11, 7, 2025, 'Kế hoạch nội dung tháng 8', 'Hoàn thành', 8.8, 'Sáng tạo', '2025-08-12 09:07:42'),
(19, 12, 7, 2025, 'Tạo 5 lead mới', 'Đã tạo 6 lead', 8.5, 'Vượt mục tiêu', '2025-08-12 09:07:42'),
(20, 10, 8, 2025, 'Rà soát công nợ Q2', 'Đang thực hiện', 7.8, 'Cần bổ sung số liệu', '2025-08-12 09:07:42'),
(21, 11, 8, 2025, 'Chiến dịch Social tháng 8', 'Đang triển khai', 7.9, 'Đúng kế hoạch', '2025-08-12 09:07:42'),
(22, 12, 8, 2025, 'Chốt 2 deal nhỏ', 'Đang đàm phán', 7.6, 'Cần follow', '2025-08-12 09:07:42');

-- --------------------------------------------------------

--
-- Cấu trúc bảng cho bảng `nhanvien`
--

CREATE TABLE `nhanvien` (
  `id` int(11) NOT NULL,
  `ho_ten` varchar(100) NOT NULL,
  `email` varchar(100) NOT NULL,
  `mat_khau` varchar(255) NOT NULL,
  `so_dien_thoai` varchar(20) DEFAULT NULL,
  `gioi_tinh` enum('Nam','Nữ','Khác') DEFAULT NULL,
  `ngay_sinh` date DEFAULT NULL,
  `phong_ban_id` int(11) DEFAULT NULL,
  `chuc_vu` varchar(100) DEFAULT NULL,
  `luong_co_ban` decimal(12,2) DEFAULT 0.00,
  `trang_thai_lam_viec` enum('Đang làm','Tạm nghỉ','Nghỉ việc') DEFAULT 'Đang làm',
  `vai_tro` enum('Admin','Quản lý','Nhân viên') DEFAULT 'Nhân viên',
  `ngay_vao_lam` date DEFAULT NULL,
  `avatar_url` varchar(255) DEFAULT NULL,
  `ngay_tao` timestamp NOT NULL DEFAULT current_timestamp()
) ENGINE=InnoDB DEFAULT CHARSET=utf8mb4 COLLATE=utf8mb4_unicode_ci;

--
-- Đang đổ dữ liệu cho bảng `nhanvien`
--

INSERT INTO `nhanvien` (`id`, `ho_ten`, `email`, `mat_khau`, `so_dien_thoai`, `gioi_tinh`, `ngay_sinh`, `phong_ban_id`, `chuc_vu`, `luong_co_ban`, `trang_thai_lam_viec`, `vai_tro`, `ngay_vao_lam`, `avatar_url`, `ngay_tao`) VALUES
(1, 'Lê Quốc Huy', 'lequochuy@icss.com.vn', 'password123', '0901123456', 'Nam', '1984-02-10', 2, 'Giám đốc', 20000000.00, 'Đang làm', 'Admin', '2019-05-01', NULL, '2025-08-12 09:07:40'),
(2, 'Trần Thị Bích Ngọc', 'tranthibichngoc@icss.com.vn', 'password123', '0902234567', 'Nữ', '1989-07-19', 1, 'Trưởng phòng', 14000000.00, 'Đang làm', 'Quản lý', '2020-03-10', 'null', '2025-08-12 09:07:40'),
(3, 'Bùi Quang Dũng', 'buiquangdung@icss.com.vn', 'password123', '0903345678', 'Nam', '1987-11-08', 4, 'Trưởng phòng', 15000000.00, 'Đang làm', 'Quản lý', '2020-04-01', 'null', '2025-08-12 09:07:40'),
(4, 'Nguyễn Minh Khôi', 'nguyenminhkhoi@icss.com.vn', 'password123', '0904456789', 'Nam', '1992-05-12', 2, 'Nhân viên', 12000000.00, 'Đang làm', 'Nhân viên', '2022-01-15', NULL, '2025-08-12 09:07:40'),
(5, 'Phạm Thu Hà', 'phamthuha@icss.com.vn', 'password123', '0905567890', 'Nữ', '1993-09-21', 3, 'Nhân viên', 9000000.00, 'Đang làm', 'Nhân viên', '2021-10-01', NULL, '2025-08-12 09:07:40'),
(6, 'Vũ Anh Tuấn', 'vuanhtuan@icss.com.vn', 'password123', '0906678901', 'Nam', '1995-12-03', 2, 'Nhân viên', 11000000.00, 'Đang làm', 'Nhân viên', '2023-02-20', NULL, '2025-08-12 09:07:40'),
(7, 'Lý Ngọc Hân', 'lyngochan@icss.com.vn', 'password123', '0907789012', 'Nữ', '1996-03-18', 5, 'Nhân viên', 9500000.00, 'Đang làm', 'Nhân viên', '2022-06-01', NULL, '2025-08-12 09:07:40'),
(8, 'Đặng Hoàng Long', 'danghoanglong@icss.com.vn', 'password123', '0908890123', 'Nam', '1994-08-27', 2, 'Nhân viên', 10500000.00, 'Đang làm', 'Nhân viên', '2023-08-10', NULL, '2025-08-12 09:07:40'),
(9, 'Ngô Thảo Linh', 'ngothaolinh@icss.com.vn', 'password123', '0909901234', 'Nữ', '1997-01-29', 1, 'Nhân viên', 8500000.00, 'Đang làm', 'Nhân viên', '2025-08-12', 'null', '2025-08-12 09:07:40'),
(10, 'Trần Hải Nam', 'tranhainam@icss.com.vn', 'password123', '0912000111', 'Nam', '1986-04-18', 3, 'Trưởng phòng', 13000000.00, 'Đang làm', 'Quản lý', '2021-02-01', NULL, '2025-08-12 09:07:41'),
(11, 'Phạm Minh Anh', 'phamminhanh@icss.com.vn', 'password123', '0913777666', 'Nữ', '1988-10-05', 5, 'Trưởng phòng', 13500000.00, 'Đang làm', 'Quản lý', '2020-09-15', 'null', '2025-08-12 09:07:41'),
(12, 'Nguyễn Văn Phúc', 'nguyenvanphuc@icss.com.vn', 'password123', '0914666888', 'Nam', '1996-06-06', 4, 'Nhân viên', 10000000.00, 'Đang làm', 'Nhân viên', '2024-11-01', NULL, '2025-08-12 09:07:41'),
(21, 'Tuyền', 'tuyen@icss.com.vn', 'password123', '0900000001', 'Nam', '2002-07-12', 1, 'Nhân viên', 0.00, 'Đang làm', 'Nhân viên', '2025-08-13', 'null', '2025-08-13 07:31:04');

-- --------------------------------------------------------

--
-- Cấu trúc bảng cho bảng `nhan_su_lich_su`
--

CREATE TABLE `nhan_su_lich_su` (
  `id` int(11) NOT NULL,
  `nhan_vien_id` int(11) DEFAULT NULL,
  `loai_thay_doi` varchar(100) DEFAULT NULL,
  `gia_tri_cu` text DEFAULT NULL,
  `gia_tri_moi` text DEFAULT NULL,
  `nguoi_thay_doi_id` int(11) DEFAULT NULL,
  `ghi_chu` text DEFAULT NULL,
  `thoi_gian` timestamp NOT NULL DEFAULT current_timestamp()
) ENGINE=InnoDB DEFAULT CHARSET=utf8mb4 COLLATE=utf8mb4_unicode_ci;

--
-- Đang đổ dữ liệu cho bảng `nhan_su_lich_su`
--

INSERT INTO `nhan_su_lich_su` (`id`, `nhan_vien_id`, `loai_thay_doi`, `gia_tri_cu`, `gia_tri_moi`, `nguoi_thay_doi_id`, `ghi_chu`, `thoi_gian`) VALUES
(1, 4, 'Chức vụ', 'Developer', 'Senior Developer', 1, 'Thăng chức 07/2025', '2025-08-12 09:07:41'),
(2, 7, 'Phòng ban', 'Kinh doanh', 'Marketing', 1, 'Điều chuyển theo năng lực', '2025-08-12 09:07:41'),
(3, 9, 'Số điện thoại', '0909800000', '0909901234', 2, 'Cập nhật liên hệ', '2025-08-12 09:07:41');

-- --------------------------------------------------------

--
-- Cấu trúc bảng cho bảng `phan_quyen_chuc_nang`
--

CREATE TABLE `phan_quyen_chuc_nang` (
  `id` int(11) NOT NULL,
  `vai_tro` enum('Admin','Quản lý','Nhân viên','Trưởng nhóm','Nhân viên cấp cao') DEFAULT NULL,
  `chuc_nang` varchar(100) DEFAULT NULL,
  `co_quyen` tinyint(1) DEFAULT 0
) ENGINE=InnoDB DEFAULT CHARSET=utf8mb4 COLLATE=utf8mb4_unicode_ci;

--
-- Đang đổ dữ liệu cho bảng `phan_quyen_chuc_nang`
--

INSERT INTO `phan_quyen_chuc_nang` (`id`, `vai_tro`, `chuc_nang`, `co_quyen`) VALUES
(1, 'Admin', 'TaoCongViec', 1),
(2, 'Admin', 'SuaCongViec', 1),
(3, 'Admin', 'XoaCongViec', 1),
(4, 'Admin', 'QuanLyLuong', 1),
(5, 'Admin', 'QuanLyChamCong', 1),
(6, 'Quản lý', 'TaoCongViec', 1),
(7, 'Quản lý', 'SuaCongViec', 1),
(8, 'Quản lý', 'XemBaoCao', 1),
(9, 'Quản lý', 'DanhGiaCongViec', 1),
(10, 'Nhân viên', 'XemCongViec', 1),
(11, 'Nhân viên', 'CapNhatTienDo', 1),
(12, 'Nhân viên', 'ChamCong', 1);

-- --------------------------------------------------------

--
-- Cấu trúc bảng cho bảng `phong_ban`
--

CREATE TABLE `phong_ban` (
  `id` int(11) NOT NULL,
  `ten_phong` varchar(100) NOT NULL,
  `truong_phong_id` int(11) DEFAULT NULL,
  `ngay_tao` timestamp NOT NULL DEFAULT current_timestamp()
) ENGINE=InnoDB DEFAULT CHARSET=utf8mb4 COLLATE=utf8mb4_unicode_ci;

--
-- Đang đổ dữ liệu cho bảng `phong_ban`
--

INSERT INTO `phong_ban` (`id`, `ten_phong`, `truong_phong_id`, `ngay_tao`) VALUES
(1, 'Phòng Nhân sự', 2, '2025-08-12 09:07:40'),
(2, 'Phòng Kỹ thuật', 1, '2025-08-12 09:07:40'),
(3, 'Phòng Kế toán', 10, '2025-08-12 09:07:40'),
(4, 'Phòng Kinh doanh', 3, '2025-08-12 09:07:40'),
(5, 'Phòng Marketing', 11, '2025-08-12 09:07:40');

-- --------------------------------------------------------

--
-- Cấu trúc bảng cho bảng `thong_bao`
--

CREATE TABLE `thong_bao` (
  `id` int(11) NOT NULL,
  `tieu_de` varchar(255) DEFAULT NULL,
  `noi_dung` text DEFAULT NULL,
  `nguoi_nhan_id` int(11) DEFAULT NULL,
  `loai_thong_bao` text DEFAULT NULL,
  `da_doc` tinyint(1) DEFAULT 0,
  `ngay_doc` timestamp NULL DEFAULT NULL,
  `ngay_tao` timestamp NOT NULL DEFAULT current_timestamp()
) ENGINE=InnoDB DEFAULT CHARSET=utf8mb4 COLLATE=utf8mb4_unicode_ci;

--
-- Đang đổ dữ liệu cho bảng `thong_bao`
--

INSERT INTO `thong_bao` (`id`, `tieu_de`, `noi_dung`, `nguoi_nhan_id`, `loai_thong_bao`, `da_doc`, `ngay_doc`, `ngay_tao`) VALUES
(1, 'Công việc mới', 'Bạn được giao nhiệm vụ Tối ưu truy vấn MySQL', 1, 'Công việc mới', 1, '2025-08-12 09:08:57', '2025-08-12 09:07:41'),
(2, 'Hạn chót gần kề', 'Hoàn thiện Tích hợp JWT đa phiên trước 10/08', 12, 'Hạn chót', 0, NULL, '2025-08-12 09:07:41'),
(3, 'Lương đã chi trả', 'Lương tháng 07/2025 đã được chuyển', 5, 'Lương', 1, NULL, '2025-08-12 09:07:41'),
(4, 'Nhắc việc', 'Hoàn thành \"Chuẩn hóa logging toàn hệ thống\" trước 22/08', 6, 'Hạn chót', 0, NULL, '2025-08-12 09:07:41'),
(5, 'Nhắc việc', 'Kiểm thử \"Tối ưu bundle FE\" trước 08/08', 8, 'Hạn chót', 1, '2025-08-06 02:00:00', '2025-08-12 09:07:41'),
(6, 'Thông báo lương', 'Đã trả lương tháng 07/2025', 10, 'Lương', 1, '2025-08-05 08:00:00', '2025-08-12 09:07:41'),
(7, 'Thông báo lương', 'Đã trả lương tháng 07/2025', 11, 'Lương', 1, '2025-08-05 08:00:00', '2025-08-12 09:07:41'),
(8, 'Công việc mới', 'Bạn được giao \"Lên lịch nội dung Social August\"', 7, 'Công việc mới', 0, NULL, '2025-08-12 09:07:41'),
(9, 'Công việc mới', 'Bạn được giao \"Chuẩn bị proposal khách hàng XYZ\"', 12, 'Công việc mới', 0, NULL, '2025-08-12 09:07:42'),
(10, 'Công việc mới', 'Bạn được giao công việc: Test dữ liệu. Hạn: 2025-08-23.', 9, 'Công việc mới', 0, '2025-08-13 05:48:52', '2025-08-13 05:48:52'),
(11, 'Nhân viên mới', 'Phòng Nhân sự: vừa thêm một nhân viên mới.', 1, 'Nhân viên mới', 0, '2025-08-13 06:46:46', '2025-08-13 06:46:46'),
(12, 'Nhân viên mới', 'Phòng Nhân sự: vừa thêm một nhân viên mới.', 2, 'Nhân viên mới', 0, '2025-08-13 07:28:44', '2025-08-13 07:28:44'),
(13, 'Nhân viên mới', 'Phòng Nhân sự: vừa thêm một nhân viên mới.', 2, 'Nhân viên mới', 0, '2025-08-13 07:31:04', '2025-08-13 07:31:04');

--
-- Chỉ mục cho các bảng đã đổ
--

--
-- Chỉ mục cho bảng `bao_cao_cong_viec`
--
ALTER TABLE `bao_cao_cong_viec`
  ADD PRIMARY KEY (`id`),
  ADD KEY `nguoi_tao_id` (`nguoi_tao_id`);

--
-- Chỉ mục cho bảng `cau_hinh_he_thong`
--
ALTER TABLE `cau_hinh_he_thong`
  ADD PRIMARY KEY (`id`);

--
-- Chỉ mục cho bảng `cham_cong`
--
ALTER TABLE `cham_cong`
  ADD PRIMARY KEY (`id`),
  ADD UNIQUE KEY `nhan_vien_id` (`nhan_vien_id`,`ngay`);

--
-- Chỉ mục cho bảng `cong_viec`
--
ALTER TABLE `cong_viec`
  ADD PRIMARY KEY (`id`),
  ADD KEY `nguoi_giao_id` (`nguoi_giao_id`),
  ADD KEY `nguoi_nhan_id` (`nguoi_nhan_id`),
  ADD KEY `phong_ban_id` (`phong_ban_id`);

--
-- Chỉ mục cho bảng `cong_viec_danh_gia`
--
ALTER TABLE `cong_viec_danh_gia`
  ADD PRIMARY KEY (`id`),
  ADD KEY `cong_viec_id` (`cong_viec_id`),
  ADD KEY `nguoi_danh_gia_id` (`nguoi_danh_gia_id`);

--
-- Chỉ mục cho bảng `cong_viec_lich_su`
--
ALTER TABLE `cong_viec_lich_su`
  ADD PRIMARY KEY (`id`),
  ADD KEY `cong_viec_id` (`cong_viec_id`),
  ADD KEY `nguoi_thay_doi_id` (`nguoi_thay_doi_id`);

--
-- Chỉ mục cho bảng `cong_viec_quy_trinh`
--
ALTER TABLE `cong_viec_quy_trinh`
  ADD PRIMARY KEY (`id`),
  ADD KEY `cong_viec_id` (`cong_viec_id`);

--
-- Chỉ mục cho bảng `cong_viec_tien_do`
--
ALTER TABLE `cong_viec_tien_do`
  ADD PRIMARY KEY (`id`),
  ADD KEY `cong_viec_id` (`cong_viec_id`),
  ADD KEY `nguoi_cap_nhat_id` (`nguoi_cap_nhat_id`);

--
-- Chỉ mục cho bảng `file_dinh_kem`
--
ALTER TABLE `file_dinh_kem`
  ADD PRIMARY KEY (`id`),
  ADD KEY `cong_viec_id` (`cong_viec_id`),
  ADD KEY `tien_do_id` (`tien_do_id`);

--
-- Chỉ mục cho bảng `luong`
--
ALTER TABLE `luong`
  ADD PRIMARY KEY (`id`),
  ADD KEY `nhan_vien_id` (`nhan_vien_id`);

--
-- Chỉ mục cho bảng `luong_cau_hinh`
--
ALTER TABLE `luong_cau_hinh`
  ADD PRIMARY KEY (`id`);

--
-- Chỉ mục cho bảng `luu_kpi`
--
ALTER TABLE `luu_kpi`
  ADD PRIMARY KEY (`id`),
  ADD KEY `nhan_vien_id` (`nhan_vien_id`);

--
-- Chỉ mục cho bảng `nhanvien`
--
ALTER TABLE `nhanvien`
  ADD PRIMARY KEY (`id`),
  ADD UNIQUE KEY `email` (`email`),
  ADD KEY `phong_ban_id` (`phong_ban_id`);

--
-- Chỉ mục cho bảng `nhan_su_lich_su`
--
ALTER TABLE `nhan_su_lich_su`
  ADD PRIMARY KEY (`id`),
  ADD KEY `nhan_vien_id` (`nhan_vien_id`),
  ADD KEY `nguoi_thay_doi_id` (`nguoi_thay_doi_id`);

--
-- Chỉ mục cho bảng `phan_quyen_chuc_nang`
--
ALTER TABLE `phan_quyen_chuc_nang`
  ADD PRIMARY KEY (`id`);

--
-- Chỉ mục cho bảng `phong_ban`
--
ALTER TABLE `phong_ban`
  ADD PRIMARY KEY (`id`),
  ADD KEY `fk_truong_phong` (`truong_phong_id`);

--
-- Chỉ mục cho bảng `thong_bao`
--
ALTER TABLE `thong_bao`
  ADD PRIMARY KEY (`id`),
  ADD KEY `nguoi_nhan_id` (`nguoi_nhan_id`);

--
-- AUTO_INCREMENT cho các bảng đã đổ
--

--
-- AUTO_INCREMENT cho bảng `bao_cao_cong_viec`
--
ALTER TABLE `bao_cao_cong_viec`
  MODIFY `id` int(11) NOT NULL AUTO_INCREMENT, AUTO_INCREMENT=4;

--
-- AUTO_INCREMENT cho bảng `cau_hinh_he_thong`
--
ALTER TABLE `cau_hinh_he_thong`
  MODIFY `id` int(11) NOT NULL AUTO_INCREMENT, AUTO_INCREMENT=5;

--
-- AUTO_INCREMENT cho bảng `cham_cong`
--
ALTER TABLE `cham_cong`
  MODIFY `id` int(11) NOT NULL AUTO_INCREMENT, AUTO_INCREMENT=369;

--
-- AUTO_INCREMENT cho bảng `cong_viec`
--
ALTER TABLE `cong_viec`
  MODIFY `id` int(11) NOT NULL AUTO_INCREMENT, AUTO_INCREMENT=34;

--
-- AUTO_INCREMENT cho bảng `cong_viec_danh_gia`
--
ALTER TABLE `cong_viec_danh_gia`
  MODIFY `id` int(11) NOT NULL AUTO_INCREMENT, AUTO_INCREMENT=5;

--
-- AUTO_INCREMENT cho bảng `cong_viec_lich_su`
--
ALTER TABLE `cong_viec_lich_su`
  MODIFY `id` int(11) NOT NULL AUTO_INCREMENT, AUTO_INCREMENT=9;

--
-- AUTO_INCREMENT cho bảng `cong_viec_quy_trinh`
--
ALTER TABLE `cong_viec_quy_trinh`
  MODIFY `id` int(11) NOT NULL AUTO_INCREMENT, AUTO_INCREMENT=105;

--
-- AUTO_INCREMENT cho bảng `cong_viec_tien_do`
--
ALTER TABLE `cong_viec_tien_do`
  MODIFY `id` int(11) NOT NULL AUTO_INCREMENT, AUTO_INCREMENT=20;

--
-- AUTO_INCREMENT cho bảng `file_dinh_kem`
--
ALTER TABLE `file_dinh_kem`
  MODIFY `id` int(11) NOT NULL AUTO_INCREMENT, AUTO_INCREMENT=4;

--
-- AUTO_INCREMENT cho bảng `luong`
--
ALTER TABLE `luong`
  MODIFY `id` int(11) NOT NULL AUTO_INCREMENT, AUTO_INCREMENT=23;

--
-- AUTO_INCREMENT cho bảng `luong_cau_hinh`
--
ALTER TABLE `luong_cau_hinh`
  MODIFY `id` int(11) NOT NULL AUTO_INCREMENT, AUTO_INCREMENT=5;

--
-- AUTO_INCREMENT cho bảng `luu_kpi`
--
ALTER TABLE `luu_kpi`
  MODIFY `id` int(11) NOT NULL AUTO_INCREMENT, AUTO_INCREMENT=23;

--
-- AUTO_INCREMENT cho bảng `nhanvien`
--
ALTER TABLE `nhanvien`
  MODIFY `id` int(11) NOT NULL AUTO_INCREMENT, AUTO_INCREMENT=22;

--
-- AUTO_INCREMENT cho bảng `nhan_su_lich_su`
--
ALTER TABLE `nhan_su_lich_su`
  MODIFY `id` int(11) NOT NULL AUTO_INCREMENT, AUTO_INCREMENT=4;

--
-- AUTO_INCREMENT cho bảng `phan_quyen_chuc_nang`
--
ALTER TABLE `phan_quyen_chuc_nang`
  MODIFY `id` int(11) NOT NULL AUTO_INCREMENT, AUTO_INCREMENT=13;

--
-- AUTO_INCREMENT cho bảng `phong_ban`
--
ALTER TABLE `phong_ban`
  MODIFY `id` int(11) NOT NULL AUTO_INCREMENT, AUTO_INCREMENT=6;

--
-- AUTO_INCREMENT cho bảng `thong_bao`
--
ALTER TABLE `thong_bao`
  MODIFY `id` int(11) NOT NULL AUTO_INCREMENT, AUTO_INCREMENT=14;

--
-- Các ràng buộc cho các bảng đã đổ
--

--
-- Các ràng buộc cho bảng `bao_cao_cong_viec`
--
ALTER TABLE `bao_cao_cong_viec`
  ADD CONSTRAINT `bao_cao_cong_viec_ibfk_1` FOREIGN KEY (`nguoi_tao_id`) REFERENCES `nhanvien` (`id`) ON DELETE CASCADE;

--
-- Các ràng buộc cho bảng `cham_cong`
--
ALTER TABLE `cham_cong`
  ADD CONSTRAINT `cham_cong_ibfk_1` FOREIGN KEY (`nhan_vien_id`) REFERENCES `nhanvien` (`id`) ON DELETE CASCADE;

--
-- Các ràng buộc cho bảng `cong_viec`
--
ALTER TABLE `cong_viec`
  ADD CONSTRAINT `cong_viec_ibfk_1` FOREIGN KEY (`nguoi_giao_id`) REFERENCES `nhanvien` (`id`) ON DELETE CASCADE,
  ADD CONSTRAINT `cong_viec_ibfk_2` FOREIGN KEY (`nguoi_nhan_id`) REFERENCES `nhanvien` (`id`) ON DELETE CASCADE,
  ADD CONSTRAINT `cong_viec_ibfk_3` FOREIGN KEY (`phong_ban_id`) REFERENCES `phong_ban` (`id`) ON DELETE SET NULL;

--
-- Các ràng buộc cho bảng `cong_viec_danh_gia`
--
ALTER TABLE `cong_viec_danh_gia`
  ADD CONSTRAINT `cong_viec_danh_gia_ibfk_1` FOREIGN KEY (`cong_viec_id`) REFERENCES `cong_viec` (`id`) ON DELETE CASCADE,
  ADD CONSTRAINT `cong_viec_danh_gia_ibfk_2` FOREIGN KEY (`nguoi_danh_gia_id`) REFERENCES `nhanvien` (`id`) ON DELETE CASCADE;

--
-- Các ràng buộc cho bảng `cong_viec_lich_su`
--
ALTER TABLE `cong_viec_lich_su`
  ADD CONSTRAINT `cong_viec_lich_su_ibfk_1` FOREIGN KEY (`cong_viec_id`) REFERENCES `cong_viec` (`id`) ON DELETE CASCADE,
  ADD CONSTRAINT `cong_viec_lich_su_ibfk_2` FOREIGN KEY (`nguoi_thay_doi_id`) REFERENCES `nhanvien` (`id`) ON DELETE CASCADE;

--
-- Các ràng buộc cho bảng `cong_viec_quy_trinh`
--
ALTER TABLE `cong_viec_quy_trinh`
  ADD CONSTRAINT `cong_viec_quy_trinh_ibfk_1` FOREIGN KEY (`cong_viec_id`) REFERENCES `cong_viec` (`id`) ON DELETE CASCADE;

--
-- Các ràng buộc cho bảng `cong_viec_tien_do`
--
ALTER TABLE `cong_viec_tien_do`
  ADD CONSTRAINT `cong_viec_tien_do_ibfk_1` FOREIGN KEY (`cong_viec_id`) REFERENCES `cong_viec` (`id`) ON DELETE CASCADE,
  ADD CONSTRAINT `cong_viec_tien_do_ibfk_2` FOREIGN KEY (`nguoi_cap_nhat_id`) REFERENCES `nhanvien` (`id`) ON DELETE CASCADE;

--
-- Các ràng buộc cho bảng `file_dinh_kem`
--
ALTER TABLE `file_dinh_kem`
  ADD CONSTRAINT `file_dinh_kem_ibfk_1` FOREIGN KEY (`cong_viec_id`) REFERENCES `cong_viec` (`id`) ON DELETE CASCADE,
  ADD CONSTRAINT `file_dinh_kem_ibfk_2` FOREIGN KEY (`tien_do_id`) REFERENCES `cong_viec_tien_do` (`id`) ON DELETE CASCADE;

--
-- Các ràng buộc cho bảng `luong`
--
ALTER TABLE `luong`
  ADD CONSTRAINT `luong_ibfk_1` FOREIGN KEY (`nhan_vien_id`) REFERENCES `nhanvien` (`id`) ON DELETE CASCADE;

--
-- Các ràng buộc cho bảng `luu_kpi`
--
ALTER TABLE `luu_kpi`
  ADD CONSTRAINT `luu_kpi_ibfk_1` FOREIGN KEY (`nhan_vien_id`) REFERENCES `nhanvien` (`id`) ON DELETE CASCADE;

--
-- Các ràng buộc cho bảng `nhanvien`
--
ALTER TABLE `nhanvien`
  ADD CONSTRAINT `nhanvien_ibfk_1` FOREIGN KEY (`phong_ban_id`) REFERENCES `phong_ban` (`id`) ON DELETE SET NULL;

--
-- Các ràng buộc cho bảng `nhan_su_lich_su`
--
ALTER TABLE `nhan_su_lich_su`
  ADD CONSTRAINT `nhan_su_lich_su_ibfk_1` FOREIGN KEY (`nhan_vien_id`) REFERENCES `nhanvien` (`id`) ON DELETE CASCADE,
  ADD CONSTRAINT `nhan_su_lich_su_ibfk_2` FOREIGN KEY (`nguoi_thay_doi_id`) REFERENCES `nhanvien` (`id`) ON DELETE SET NULL;

--
-- Các ràng buộc cho bảng `phong_ban`
--
ALTER TABLE `phong_ban`
  ADD CONSTRAINT `fk_truong_phong` FOREIGN KEY (`truong_phong_id`) REFERENCES `nhanvien` (`id`) ON DELETE SET NULL;

--
-- Các ràng buộc cho bảng `thong_bao`
--
ALTER TABLE `thong_bao`
  ADD CONSTRAINT `thong_bao_ibfk_1` FOREIGN KEY (`nguoi_nhan_id`) REFERENCES `nhanvien` (`id`) ON DELETE CASCADE;
COMMIT;

/*!40101 SET CHARACTER_SET_CLIENT=@OLD_CHARACTER_SET_CLIENT */;
/*!40101 SET CHARACTER_SET_RESULTS=@OLD_CHARACTER_SET_RESULTS */;
/*!40101 SET COLLATION_CONNECTION=@OLD_COLLATION_CONNECTION */;
